driver_id,given_name,family_name,dob,nationality,number,code,url
abate,Carlo,Abate,1932-07-10,Italian,,,http://en.wikipedia.org/wiki/Carlo_Mario_Abate
abecassis,George,Abecassis,1913-03-21,British,,,http://en.wikipedia.org/wiki/George_Abecassis
acheson,Kenny,Acheson,1957-11-27,British,,,http://en.wikipedia.org/wiki/Kenny_Acheson
adams,Philippe,Adams,1969-11-19,Belgian,,,http://en.wikipedia.org/wiki/Philippe_Adams
ader,Walt,Ader,1913-12-15,American,,,http://en.wikipedia.org/wiki/Walt_Ader
adolff,Kurt,Adolff,1921-11-05,German,,,http://en.wikipedia.org/wiki/Kurt_Adolff
agabashian,Fred,Agabashian,1913-08-21,American,,,http://en.wikipedia.org/wiki/Fred_Agabashian
ahrens,Kurt,Ahrens,1940-04-19,German,,,"http://en.wikipedia.org/wiki/Kurt_Ahrens,_Jr."
aitken,Jack,Aitken,1995-09-23,British,89,AIT,http://en.wikipedia.org/wiki/Jack_Aitken
albers,Christijan,Albers,1979-04-16,Dutch,,ALB,http://en.wikipedia.org/wiki/Christijan_Albers
albon,Alexander,Albon,1996-03-23,Thai,23,ALB,http://en.wikipedia.org/wiki/Alexander_Albon
alboreto,Michele,Alboreto,1956-12-23,Italian,,,http://en.wikipedia.org/wiki/Michele_Alboreto
alesi,Jean,Alesi,1964-06-11,French,,,http://en.wikipedia.org/wiki/Jean_Alesi
alguersuari,Jaime,Alguersuari,1990-03-23,Spanish,,ALG,http://en.wikipedia.org/wiki/Jaime_Alguersuari
alliot,Philippe,Alliot,1954-07-27,French,,,http://en.wikipedia.org/wiki/Philippe_Alliot
allison,Cliff,Allison,1932-02-08,British,,,http://en.wikipedia.org/wiki/Cliff_Allison
alonso,Fernando,Alonso,1981-07-29,Spanish,14,ALO,http://en.wikipedia.org/wiki/Fernando_Alonso
amati,Giovanna,Amati,1959-07-20,Italian,,,http://en.wikipedia.org/wiki/Giovanna_Amati
george_amick,George,Amick,1924-10-24,American,,,http://en.wikipedia.org/wiki/George_Amick
amick,Red,Amick,1929-01-19,American,,,http://en.wikipedia.org/wiki/Red_Amick
amon,Chris,Amon,1943-07-20,New Zealander,,,http://en.wikipedia.org/wiki/Chris_Amon
anderson,Bob,Anderson,1931-05-19,British,,,http://en.wikipedia.org/wiki/Bob_Anderson_(racing_driver)
andersson,Conny,Andersson,1939-12-28,Swedish,,,http://en.wikipedia.org/wiki/Conny_Andersson_(racing_driver)
mario_andretti,Mario,Andretti,1940-02-28,American,,,http://en.wikipedia.org/wiki/Mario_Andretti
andretti,Michael,Andretti,1962-10-05,American,,,http://en.wikipedia.org/wiki/Michael_Andretti
andrews,Keith,Andrews,1920-06-15,American,,,http://en.wikipedia.org/wiki/Keith_Andrews_(driver)
antonelli,Andrea Kimi,Antonelli,2006-08-25,Italian,12,ANT,https://en.wikipedia.org/wiki/Andrea_Kimi_Antonelli
apicella,Marco,Apicella,1965-10-07,Italian,,,http://en.wikipedia.org/wiki/Marco_Apicella
armi,Frank,Armi,1918-10-12,American,,,http://en.wikipedia.org/wiki/Frank_Armi
arnold,Chuck,Arnold,1926-05-30,American,,,http://en.wikipedia.org/wiki/Chuck_Arnold
arnoux,René,Arnoux,1948-07-04,French,,,http://en.wikipedia.org/wiki/Ren%C3%A9_Arnoux
paul_aron,Paul,Aron,,,,,
arundell,Peter,Arundell,1933-11-08,British,,,http://en.wikipedia.org/wiki/Peter_Arundell
ascari,Alberto,Ascari,1918-07-13,Italian,,,http://en.wikipedia.org/wiki/Alberto_Ascari
ashdown,Peter,Ashdown,1934-10-16,British,,,http://en.wikipedia.org/wiki/Peter_Ashdown
ashley,Ian,Ashley,1947-10-26,British,,,http://en.wikipedia.org/wiki/Ian_Ashley
ashmore,Gerry,Ashmore,1936-07-25,British,,,http://en.wikipedia.org/wiki/Gerry_Ashmore
aston,Bill,Aston,1900-03-29,British,,,http://en.wikipedia.org/wiki/Bill_Aston
attwood,Richard,Attwood,1940-04-04,British,,,http://en.wikipedia.org/wiki/Richard_Attwood
ayulo,Manny,Ayulo,1921-10-20,American,,,http://en.wikipedia.org/wiki/Manny_Ayulo
badoer,Luca,Badoer,1971-01-25,Italian,,BAD,http://en.wikipedia.org/wiki/Luca_Badoer
baghetti,Giancarlo,Baghetti,1934-12-25,Italian,,,http://en.wikipedia.org/wiki/Giancarlo_Baghetti
bailey,Julian,Bailey,1961-10-09,British,,,http://en.wikipedia.org/wiki/Julian_Bailey
baldi,Mauro,Baldi,1954-01-31,Italian,,,http://en.wikipedia.org/wiki/Mauro_Baldi
ball,Bobby,Ball,1925-08-26,American,,,http://en.wikipedia.org/wiki/Bobby_Ball_(auto_racer)
balsa,Marcel,Balsa,1909-01-01,French,,,http://en.wikipedia.org/wiki/Marcel_Balsa
bandini,Lorenzo,Bandini,1935-12-21,Italian,,,http://en.wikipedia.org/wiki/Lorenzo_Bandini
banks,Henry,Banks,1913-06-14,American,,,http://en.wikipedia.org/wiki/Henry_Banks
barbazza,Fabrizio,Barbazza,1963-04-02,Italian,,,http://en.wikipedia.org/wiki/Fabrizio_Barbazza
john_barber,John,Barber,1929-07-22,British,,,http://en.wikipedia.org/wiki/John_Barber_(racing_driver)
barber,Skip,Barber,1936-11-16,American,,,http://en.wikipedia.org/wiki/Skip_Barber
barilla,Paolo,Barilla,1961-04-20,Italian,,,http://en.wikipedia.org/wiki/Paolo_Barilla
barrichello,Rubens,Barrichello,1972-05-23,Brazilian,,BAR,http://en.wikipedia.org/wiki/Rubens_Barrichello
bartels,Michael,Bartels,1968-03-08,German,,,http://en.wikipedia.org/wiki/Michael_Bartels
barth,Edgar,Barth,1917-01-26,German,,,http://en.wikipedia.org/wiki/Edgar_Barth
bassi,Giorgio,Bassi,1934-01-20,Italian,,,http://en.wikipedia.org/wiki/Giorgio_Bassi
bauer,Erwin,Bauer,1912-07-17,German,,,http://en.wikipedia.org/wiki/Erwin_Bauer
baumgartner,Zsolt,Baumgartner,1981-01-01,Hungarian,,,http://en.wikipedia.org/wiki/Zsolt_Baumgartner
bayol,Élie,Bayol,1914-02-28,French,,,http://en.wikipedia.org/wiki/%C3%89lie_Bayol
bearman,Oliver,Bearman,2005-05-08,British,87,BEA,http://en.wikipedia.org/wiki/Oliver_Bearman
beauman,Don,Beauman,1928-07-26,British,,,http://en.wikipedia.org/wiki/Don_Beauman
bechem,Günther,Bechem,1921-12-21,German,,,http://en.wikipedia.org/wiki/G%C3%BCnther_Bechem
dino_beganovic,Dino,Beganovic,,,,,
behra,Jean,Behra,1921-02-16,French,,,http://en.wikipedia.org/wiki/Jean_Behra
bell,Derek,Bell,1941-10-31,British,,,http://en.wikipedia.org/wiki/Derek_Bell_(auto_racer)
bellof,Stefan,Bellof,1957-11-20,German,,,http://en.wikipedia.org/wiki/Stefan_Bellof
belmondo,Paul,Belmondo,1963-04-23,French,,,http://en.wikipedia.org/wiki/Paul_Belmondo
belso,Tom,Belsø,1942-08-27,Danish,,,http://en.wikipedia.org/wiki/Tom_Bels%C3%B8
beltoise,Jean-Pierre,Beltoise,1937-04-26,French,,,http://en.wikipedia.org/wiki/Jean-Pierre_Beltoise
beretta,Olivier,Beretta,1969-11-23,Monegasque,,,http://en.wikipedia.org/wiki/Olivier_Beretta
berg,Allen,Berg,1961-08-01,Canadian,,,http://en.wikipedia.org/wiki/Allen_Berg
georges_berger,Georges,Berger,1918-09-14,Belgian,,,http://en.wikipedia.org/wiki/Georges_Berger
berger,Gerhard,Berger,1959-08-27,Austrian,,,http://en.wikipedia.org/wiki/Gerhard_Berger
bernard,Éric,Bernard,1964-08-24,French,,,http://en.wikipedia.org/wiki/%C3%89ric_Bernard
bernoldi,Enrique,Bernoldi,1978-10-19,Brazilian,,,http://en.wikipedia.org/wiki/Enrique_Bernoldi
bertaggia,Enrico,Bertaggia,1964-09-19,Italian,,,http://en.wikipedia.org/wiki/Enrico_Bertaggia
bettenhausen,Tony,Bettenhausen,1916-09-12,American,,,http://en.wikipedia.org/wiki/Tony_Bettenhausen
beuttler,Mike,Beuttler,1940-04-13,British,,,http://en.wikipedia.org/wiki/Mike_Beuttler
bianchi,Lucien,Bianchi,1934-11-10,Belgian,,,http://en.wikipedia.org/wiki/Lucien_Bianchi
jules_bianchi,Jules,Bianchi,1989-08-03,French,17,BIA,http://en.wikipedia.org/wiki/Jules_Bianchi
bianco,Gino,Bianco,1916-07-22,Brazilian,,,http://en.wikipedia.org/wiki/Gino_Bianco
binder,Hans,Binder,1948-06-12,Austrian,,,http://en.wikipedia.org/wiki/Hans_Binder
biondetti,Clemente,Biondetti,1898-08-18,Italian,,,http://en.wikipedia.org/wiki/Clemente_Biondetti
bira,Prince,Bira,1914-07-15,Thai,,,http://en.wikipedia.org/wiki/Prince_Bira
birger,Pablo,Birger,1924-01-07,Argentine,,,http://en.wikipedia.org/wiki/Pablo_Birger
bisch,Art,Bisch,1926-11-10,American,,,http://en.wikipedia.org/wiki/Art_Bisch
blanchard,Harry,Blanchard,1929-06-13,American,,,http://en.wikipedia.org/wiki/Harry_Blanchard
bleekemolen,Michael,Bleekemolen,1949-10-02,Dutch,,,http://en.wikipedia.org/wiki/Michael_Bleekemolen
blignaut,Alex,Blignaut,1932-11-30,South African,,,http://en.wikipedia.org/wiki/Alex_Blignaut
blokdyk,Trevor,Blokdyk,1935-11-30,South African,,,http://en.wikipedia.org/wiki/Trevor_Blokdyk
blundell,Mark,Blundell,1966-04-08,British,,,http://en.wikipedia.org/wiki/Mark_Blundell
boesel,Raul,Boesel,1957-12-04,Brazilian,,,http://en.wikipedia.org/wiki/Raul_Boesel
boffa,Menato,Boffa,1930-01-04,Italian,,,http://en.wikipedia.org/wiki/Menato_Boffa
bondurant,Bob,Bondurant,1933-04-27,American,,,http://en.wikipedia.org/wiki/Bob_Bondurant
bonetto,Felice,Bonetto,1903-06-09,Italian,,,http://en.wikipedia.org/wiki/Felice_Bonetto
bonnier,Jo,Bonnier,1930-01-31,Swedish,,,http://en.wikipedia.org/wiki/Joakim_Bonnier
bonomi,Roberto,Bonomi,1919-09-30,Argentine,,,http://en.wikipedia.org/wiki/Roberto_Bonomi
bordeu,Juan Manuel,Bordeu,1934-01-28,Argentine,,,http://en.wikipedia.org/wiki/Juan_Manuel_Bordeu
borgudd,Slim,Borgudd,1946-11-25,Swedish,,,http://en.wikipedia.org/wiki/Slim_Borgudd
bortoleto,Gabriel,Bortoleto,2004-10-14,Brazilian,5,BOR,https://en.wikipedia.org/wiki/Gabriel_Bortoleto
botha,Luki,Botha,1930-01-16,South African,,,http://en.wikipedia.org/wiki/Luki_Botha
bottas,Valtteri,Bottas,1989-08-28,Finnish,77,BOT,http://en.wikipedia.org/wiki/Valtteri_Bottas
boullion,Jean-Christophe,Boullion,1969-12-27,French,,,http://en.wikipedia.org/wiki/Jean-Christophe_Boullion
bourdais,Sébastien,Bourdais,1979-02-28,French,,BOU,http://en.wikipedia.org/wiki/S%C3%A9bastien_Bourdais
boutsen,Thierry,Boutsen,1957-07-13,Belgian,,,http://en.wikipedia.org/wiki/Thierry_Boutsen
boyd,Johnny,Boyd,1926-08-19,American,,,http://en.wikipedia.org/wiki/Johnny_Boyd
jack_brabham,Jack,Brabham,1926-04-02,Australian,,,http://en.wikipedia.org/wiki/Jack_Brabham
gary_brabham,Gary,Brabham,1961-03-29,Australian,,,http://en.wikipedia.org/wiki/Gary_Brabham
brabham,David,Brabham,1965-09-05,Australian,,,http://en.wikipedia.org/wiki/David_Brabham
brack,Bill,Brack,1935-12-26,Canadian,,,http://en.wikipedia.org/wiki/Bill_Brack
ernesto_brambilla,Ernesto,Brambilla,1934-01-31,Italian,,,http://en.wikipedia.org/wiki/Ernesto_Brambilla
brambilla,Vittorio,Brambilla,1937-11-11,Italian,,,http://en.wikipedia.org/wiki/Vittorio_Brambilla
branca,Toni,Branca,1916-09-15,Swiss,,,http://en.wikipedia.org/wiki/Toni_Branca
brancatelli,Gianfranco,Brancatelli,1950-01-18,Italian,,,http://en.wikipedia.org/wiki/Gianfranco_Brancatelli
brandon,Eric,Brandon,1920-07-18,British,,,http://en.wikipedia.org/wiki/Eric_Brandon
branson,Don,Branson,1920-06-02,American,,,http://en.wikipedia.org/wiki/Don_Branson
bridger,Tom,Bridger,1934-06-24,British,,,http://en.wikipedia.org/wiki/Tom_Bridger
brise,Tony,Brise,1952-03-28,British,,,http://en.wikipedia.org/wiki/Tony_Brise
bristow,Chris,Bristow,1937-12-02,British,,,http://en.wikipedia.org/wiki/Chris_Bristow
broeker,Peter,Broeker,1926-05-15,Canadian,,,http://en.wikipedia.org/wiki/Peter_Broeker
brooks,Tony,Brooks,1932-02-25,British,,,http://en.wikipedia.org/wiki/Tony_Brooks
walt_brown,Walt,Brown,1911-12-30,American,,,http://en.wikipedia.org/wiki/Walt_Brown_(auto_racer)
alan_brown,Alan,Brown,1919-11-20,British,,,http://en.wikipedia.org/wiki/Alan_Brown_(racing_driver)
brown,Warwick,Brown,1949-12-24,Australian,,,http://en.wikipedia.org/wiki/Warwick_Brown
luke_browning,Luke,Browning,,,,,
brudes,Adolf,Brudes,1899-10-15,German,,,http://en.wikipedia.org/wiki/Adolf_Brudes
brundle,Martin,Brundle,1959-06-01,British,,,http://en.wikipedia.org/wiki/Martin_Brundle
bruni,Gianmaria,Bruni,1981-05-30,Italian,,,http://en.wikipedia.org/wiki/Gianmaria_Bruni
bryan,Jimmy,Bryan,1926-01-28,American,,,http://en.wikipedia.org/wiki/Jimmy_Bryan
bucci,Clemar,Bucci,1920-09-04,Argentine,,,http://en.wikipedia.org/wiki/Clemar_Bucci
bucknum,Ronnie,Bucknum,1936-04-05,American,,,http://en.wikipedia.org/wiki/Ronnie_Bucknum
bueb,Ivor,Bueb,1923-06-06,British,,,http://en.wikipedia.org/wiki/Ivor_Bueb
buemi,Sébastien,Buemi,1988-10-31,Swiss,,BUE,http://en.wikipedia.org/wiki/S%C3%A9bastien_Buemi
bueno,Luiz,Bueno,1937-01-16,Brazilian,,,http://en.wikipedia.org/wiki/Luiz_Bueno
burgess,Ian,Burgess,1930-07-06,British,,,http://en.wikipedia.org/wiki/Ian_Burgess
burti,Luciano,Burti,1975-03-05,Brazilian,,,http://en.wikipedia.org/wiki/Luciano_Burti
bussinello,Roberto,Bussinello,1927-10-04,Italian,,,http://en.wikipedia.org/wiki/Roberto_Bussinello
button,Jenson,Button,1980-01-19,British,22,BUT,http://en.wikipedia.org/wiki/Jenson_Button
byrne,Tommy,Byrne,1958-05-06,Irish,,,http://en.wikipedia.org/wiki/Tommy_Byrne_%28racing_driver%29
cabantous,Yves,Cabantous,1904-10-08,French,,,http://en.wikipedia.org/wiki/Yves_Giraud_Cabantous
cabianca,Giulio,Cabianca,1923-02-19,Italian,,,http://en.wikipedia.org/wiki/Giulio_Cabianca
cabral,Mário de Araújo,Cabral,1934-01-15,Portuguese,,,http://en.wikipedia.org/wiki/Mario_de_Araujo_Cabral
cade,Phil,Cade,1916-06-12,American,,,http://en.wikipedia.org/wiki/Phil_Cade
caffi,Alex,Caffi,1964-03-18,Italian,,,http://en.wikipedia.org/wiki/Alex_Caffi
campbell-jones,John,Campbell-Jones,1930-01-21,British,,,http://en.wikipedia.org/wiki/John_Campbell-Jones
campos,Adrián,Campos,1960-06-17,Spanish,,,http://en.wikipedia.org/wiki/Adri%C3%A1n_Campos
Cannoc,John,Cannon,1933-06-21,Canadian,,,http://en.wikipedia.org/wiki/John_Cannon_(auto_racer)
cantoni,Eitel,Cantoni,1906-10-04,Uruguayan,,,http://en.wikipedia.org/wiki/Eitel_Cantoni
cantrell,Bill,Cantrell,1908-01-31,American,,,http://en.wikipedia.org/wiki/William_Cantrell
capelli,Ivan,Capelli,1963-05-24,Italian,,,http://en.wikipedia.org/wiki/Ivan_Capelli
carini,Piero,Carini,1921-03-06,Italian,,,http://en.wikipedia.org/wiki/Piero_Carini
darter,Duane,Carter,1913-05-05,American,,,http://en.wikipedia.org/wiki/Duane_Carter
castellotti,Eugenio,Castellotti,1930-10-10,Italian,,,http://en.wikipedia.org/wiki/Eugenio_Castellotti
cecotto,Johnny,Cecotto,1956-01-25,Venezuelan,,,http://en.wikipedia.org/wiki/Johnny_Cecotto
cevert,François,Cevert,1944-02-25,French,,,http://en.wikipedia.org/wiki/Fran%C3%A7ois_Cevert
chaboud,Eugène,Chaboud,1907-04-12,French,,,http://en.wikipedia.org/wiki/Eug%C3%A8ne_Chaboud
chamberlain,Jay,Chamberlain,1925-12-29,American,,,http://en.wikipedia.org/wiki/Jay_Chamberlain
chandhok,Karun,Chandhok,1984-01-19,Indian,,CHA,http://en.wikipedia.org/wiki/Karun_Chandhok
chapman,Colin,Chapman,1928-05-19,British,,,http://en.wikipedia.org/wiki/Colin_Chapman
charlton,Dave,Charlton,1936-10-27,South African,,,http://en.wikipedia.org/wiki/Dave_Charlton
chaves,Pedro,Chaves,1965-02-27,Portuguese,,,http://en.wikipedia.org/wiki/Pedro_Chaves
cheesbourg,Bill,Cheesbourg,1927-06-12,American,,,http://en.wikipedia.org/wiki/Bill_Cheesbourg
cheever,Eddie,Cheever,1958-01-10,American,,,http://en.wikipedia.org/wiki/Eddie_Cheever
chiesa,Andrea,Chiesa,1964-05-06,Swiss,,,http://en.wikipedia.org/wiki/Andrea_Chiesa
chilton,Max,Chilton,1991-04-21,British,4,CHI,http://en.wikipedia.org/wiki/Max_Chilton
chimeri,Ettore,Chimeri,1921-06-04,Venezuelan,,,http://en.wikipedia.org/wiki/Ettore_Chimeri
chiron,Louis,Chiron,1899-08-03,Monegasque,,,http://en.wikipedia.org/wiki/Louis_Chiron
chitwood,Joie,Chitwood,1912-04-14,American,,,http://en.wikipedia.org/wiki/Joie_Chitwood
christie,Bob,Christie,1924-04-04,American,,,http://en.wikipedia.org/wiki/Bob_Christie_(racing_driver)
claes,Johnny,Claes,1916-08-11,Belgian,,,http://en.wikipedia.org/wiki/Johnny_Claes
clapham,David,Clapham,1931-05-18,South African,,,http://en.wikipedia.org/wiki/David_Clapham
clark,Jim,Clark,1936-03-04,British,,,http://en.wikipedia.org/wiki/Jim_Clark
cogan,Kevin,Cogan,1956-03-31,American,,,http://en.wikipedia.org/wiki/Kevin_Cogan
colapinto,Franco,Colapinto,2003-05-27,Argentine,43,COL,http://en.wikipedia.org/wiki/Franco_Colapinto
collins,Peter,Collins,1931-11-06,British,,,http://en.wikipedia.org/wiki/Peter_Collins_(racing_driver)
collomb,Bernard,Collomb,1930-10-07,French,,,http://en.wikipedia.org/wiki/Bernard_Collomb
colombo,Alberto,Colombo,1946-02-23,Italian,,,http://en.wikipedia.org/wiki/Alberto_Colombo
comas,Érik,Comas,1963-09-28,French,,,http://en.wikipedia.org/wiki/%C3%89rik_Comas
comotti,Franco,Comotti,1906-07-24,Italian,,,http://en.wikipedia.org/wiki/Franco_Comotti
george_connor,George,Connor,1906-08-16,American,,,http://en.wikipedia.org/wiki/George_Connor_(driver)
constantine,George,Constantine,1918-02-22,American,,,http://en.wikipedia.org/wiki/George_Constantine
cordts,John,Cordts,1935-07-23,Canadian,,,http://en.wikipedia.org/wiki/John_Cordts
coulthard,David,Coulthard,1971-03-27,British,,COU,http://en.wikipedia.org/wiki/David_Coulthard
courage,Piers,Courage,1942-05-27,British,,,http://en.wikipedia.org/wiki/Piers_Courage
craft,Chris,Craft,1939-11-17,British,,,http://en.wikipedia.org/wiki/Chris_Craft_(racing_driver)
ray_crawford,Ray,Crawford,1915-10-26,American,,,http://en.wikipedia.org/wiki/Ray_Crawford
crawford,Jim,Crawford,1948-02-13,British,,,http://en.wikipedia.org/wiki/Jim_Crawford_(driver)
jak_crawford,Jak,Crawford,,,,,
crespo,Alberto,Crespo,1920-01-16,Argentine,,,http://en.wikipedia.org/wiki/Alberto_Crespo
creus,Antonio,Creus,1924-10-28,Spanish,,,http://en.wikipedia.org/wiki/Antonio_Creus
crockett,Larry,Crockett,1926-10-23,American,,,http://en.wikipedia.org/wiki/Larry_Crockett
crook,Tony,Crook,1920-02-16,British,,,http://en.wikipedia.org/wiki/Tony_Crook
cross,Art,Cross,1918-01-24,American,,,http://en.wikipedia.org/wiki/Art_Cross
crossley,Geoff,Crossley,1921-05-11,British,,,http://en.wikipedia.org/wiki/Geoff_Crossley
cruz,Adolfo,Cruz,1923-06-28,Argentine,,,http://en.wikipedia.org/wiki/Adolfo_Schewelm_Cruz
daigh,Chuck,Daigh,1923-11-29,American,,,http://en.wikipedia.org/wiki/Chuck_Daigh
dalmas,Yannick,Dalmas,1961-07-28,French,,,http://en.wikipedia.org/wiki/Yannick_Dalmas
daly,Derek,Daly,1953-03-11,Irish,,,http://en.wikipedia.org/wiki/Derek_Daly
danner,Christian,Danner,1958-04-04,German,,,http://en.wikipedia.org/wiki/Christian_Danner
daponte,Jorge,Daponte,1923-06-05,Argentine,,,http://en.wikipedia.org/wiki/Jorge_Daponte
davidson,Anthony,Davidson,1979-04-18,British,,DAV,http://en.wikipedia.org/wiki/Anthony_Davidson
davies,Jimmy,Davies,1929-08-08,American,,,http://en.wikipedia.org/wiki/Jimmy_Davies
davis,Colin,Davis,1933-07-29,British,,,http://en.wikipedia.org/wiki/Colin_Davis_(driver)
daywalt,Jimmy,Daywalt,1924-08-28,American,,,http://en.wikipedia.org/wiki/Jimmy_Daywalt
depailler,Patrick,Depailler,1944-08-09,French,,,http://en.wikipedia.org/wiki/Patrick_Depailler
diniz,Pedro,Diniz,1970-05-22,Brazilian,,,http://en.wikipedia.org/wiki/Pedro_Diniz
dinsmore,Duke,Dinsmore,1913-04-10,American,,,http://en.wikipedia.org/wiki/Duke_Dinsmore
dochnal,Frank,Dochnal,1920-10-08,American,,,http://en.wikipedia.org/wiki/Frank_Dochnal
dolhem,José,Dolhem,1944-04-26,French,,,http://en.wikipedia.org/wiki/Jos%C3%A9_Dolhem
donnelly,Martin,Donnelly,1964-03-26,British,,,http://en.wikipedia.org/wiki/Martin_Donnelly_(racing_driver)
donohue,Mark,Donohue,1937-03-18,American,,,http://en.wikipedia.org/wiki/Mark_Donohue
doohan,Jack,Doohan,2003-01-20,Australian,7,DOO,http://en.wikipedia.org/wiki/Jack_Doohan
doornbos,Robert,Doornbos,1981-09-23,Dutch,,DOO,http://en.wikipedia.org/wiki/Robert_Doornbos
downing,Ken,Downing,1917-12-05,British,,,http://en.wikipedia.org/wiki/Ken_Downing
drake,Bob,Drake,1919-12-14,American,,,http://en.wikipedia.org/wiki/Bob_Drake_(Formula_One)
driver,Paddy,Driver,1934-05-13,South African,,,http://en.wikipedia.org/wiki/Paddy_Driver
drogo,Piero,Drogo,1926-08-08,Italian,,,http://en.wikipedia.org/wiki/Piero_Drogo
felipe_drugovich,Felipe,Drugovich,,,,,
duke,Geoff,Duke,1923-03-29,British,,,http://en.wikipedia.org/wiki/Geoff_Duke
dumfries,Johnny,Dumfries,1958-04-26,British,,,http://en.wikipedia.org/wiki/Johnny_Dumfries
duncan,Len,Duncan,1911-07-25,American,,,http://en.wikipedia.org/wiki/Len_Duncan
alexander_dunne,Alexander,Dunne,,,,,
dusio,Piero,Dusio,1899-10-13,Italian,,,http://en.wikipedia.org/wiki/Piero_Dusio
deletraz,Jean-Denis,Délétraz,1963-10-01,Swiss,,,http://en.wikipedia.org/wiki/Jean-Denis_Deletraz
eaton,George,Eaton,1945-11-12,Canadian,,,http://en.wikipedia.org/wiki/George_Eaton
ecclestone,Bernie,Ecclestone,1930-10-28,British,,,http://en.wikipedia.org/wiki/Bernie_Ecclestone
edmunds,Don,Edmunds,1930-09-23,American,,,http://en.wikipedia.org/wiki/Don_Edmunds
edwards,Guy,Edwards,1942-12-30,British,,,http://en.wikipedia.org/wiki/Guy_Edwards
elford,Vic,Elford,1935-06-10,British,,,http://en.wikipedia.org/wiki/Vic_Elford
elisian,Ed,Elisian,1926-12-09,American,,,http://en.wikipedia.org/wiki/Ed_Elisian
emery,Paul,Emery,1916-11-12,British,,,http://en.wikipedia.org/wiki/Paul_Emery
enge,Tomáš,Enge,1976-09-11,Czech,,,http://en.wikipedia.org/wiki/Tom%C3%A1%C5%A1_Enge
england,Paul,England,1929-03-28,Australian,,,http://en.wikipedia.org/wiki/Paul_England
ericsson,Marcus,Ericsson,1990-09-02,Swedish,9,ERI,http://en.wikipedia.org/wiki/Marcus_Ericsson
ertl,Harald,Ertl,1948-08-31,Austrian,,,http://en.wikipedia.org/wiki/Harald_Ertl
estefano,Nasif,Estéfano,1932-11-18,Argentine,,,http://en.wikipedia.org/wiki/Nasif_Est%C3%A9fano
evans,Bob,Evans,1947-06-11,British,,,http://en.wikipedia.org/wiki/Bob_Evans_(race_driver)
fabi,Teo,Fabi,1955-03-09,Italian,,,http://en.wikipedia.org/wiki/Teo_Fabi
corrado_fabi,Corrado,Fabi,1961-04-12,Italian,,,http://en.wikipedia.org/wiki/Corrado_Fabi
fabre,Pascal,Fabre,1960-01-09,French,,,http://en.wikipedia.org/wiki/Pascal_Fabre
facetti,Carlo,Facetti,1935-06-26,Italian,,,http://en.wikipedia.org/wiki/Carlo_Facetti
fagioli,Luigi,Fagioli,1898-06-09,Italian,,,http://en.wikipedia.org/wiki/Luigi_Fagioli
fairman,Jack,Fairman,1913-03-15,British,,,http://en.wikipedia.org/wiki/Jack_Fairman
fangio,Juan,Fangio,1911-06-24,Argentine,,,http://en.wikipedia.org/wiki/Juan_Manuel_Fangio
farina,Nino,Farina,1906-10-30,Italian,,,http://en.wikipedia.org/wiki/Nino_Farina
faulkner,Walt,Faulkner,1920-02-16,American,,,http://en.wikipedia.org/wiki/Walt_Faulkner
firman,Ralph,Firman,1975-05-20,Irish,,,http://en.wikipedia.org/wiki/Ralph_Firman
fischer,Rudi,Fischer,1912-04-19,Swiss,,,http://en.wikipedia.org/wiki/Rudi_Fischer
fisher,Mike,Fisher,1943-03-13,American,,,http://en.wikipedia.org/wiki/Mike_Fisher_(driver)
fisichella,Giancarlo,Fisichella,1973-01-14,Italian,,FIS,http://en.wikipedia.org/wiki/Giancarlo_Fisichella
fitch,John,Fitch,1917-08-04,American,,,http://en.wikipedia.org/wiki/John_Fitch_(driver)
emerson_fittipaldi,Emerson,Fittipaldi,1946-12-12,Brazilian,,,http://en.wikipedia.org/wiki/Emerson_Fittipaldi
wilson_fittipaldi,Wilson,Fittipaldi,1943-12-25,Brazilian,,,http://en.wikipedia.org/wiki/Wilson_Fittipaldi
fittipaldi,Christian,Fittipaldi,1971-01-18,Brazilian,,,http://en.wikipedia.org/wiki/Christian_Fittipaldi
pietro_fittipaldi,Pietro,Fittipaldi,1996-06-25,Brazilian,51,FIT,http://en.wikipedia.org/wiki/Pietro_Fittipaldi
fitzau,Theo,Fitzau,1923-02-10,East German,,,http://en.wikipedia.org/wiki/Theo_Fitzau
flaherty,Pat,Flaherty,1926-01-06,American,,,http://en.wikipedia.org/wiki/Pat_Flaherty_(racing_driver)
flinterman,Jan,Flinterman,1919-10-02,Dutch,,,http://en.wikipedia.org/wiki/Jan_Flinterman
flockhart,Ron,Flockhart,1923-06-16,British,,,http://en.wikipedia.org/wiki/Ron_Flockhart_(auto_racing)
fohr,Myron,Fohr,1912-06-17,American,,,http://en.wikipedia.org/wiki/Myron_Fohr
foitek,Gregor,Foitek,1965-03-27,Swiss,,,http://en.wikipedia.org/wiki/Gregor_Foitek
follmer,George,Follmer,1934-01-27,American,,,http://en.wikipedia.org/wiki/George_Follmer
fonder,George,Fonder,1917-06-22,American,,,http://en.wikipedia.org/wiki/George_Fonder
fontana,Norberto,Fontana,1975-01-20,Argentine,,,http://en.wikipedia.org/wiki/Norberto_Fontana
fontes,Azdrubal,Fontes,1922-12-26,Uruguayan,,,http://en.wikipedia.org/wiki/Azdrubal_Fontes
forberg,Carl,Forberg,1911-03-04,American,,,http://en.wikipedia.org/wiki/Carl_Forberg
force,Gene,Force,1916-06-15,American,,,http://en.wikipedia.org/wiki/Gene_Force
forini,Franco,Forini,1958-09-22,Swiss,,,http://en.wikipedia.org/wiki/Franco_Forini
parker,Philip,Fotheringham-Parker,1907-09-22,British,,,http://en.wikipedia.org/wiki/Philip_Fotheringham-Parker
foyt,Anthony,Foyt,1935-01-16,American,,,http://en.wikipedia.org/wiki/A.J._Foyt
gimax,Carlo,Franchi,1938-01-01,Italian,,,http://en.wikipedia.org/wiki/Gimax
francia,Giorgio,Francia,1947-11-08,Italian,,,http://en.wikipedia.org/wiki/Giorgio_Francia
freeland,Don,Freeland,1925-03-25,American,,,http://en.wikipedia.org/wiki/Don_Freeland
frentzen,Heinz-Harald,Frentzen,1967-05-18,German,,,http://en.wikipedia.org/wiki/Heinz-Harald_Frentzen
friesacher,Patrick,Friesacher,1980-09-26,Austrian,,FRI,http://en.wikipedia.org/wiki/Patrick_Friesacher
fry,Joe,Fry,1915-10-26,British,,,http://en.wikipedia.org/wiki/Joe_Fry
frere,Paul,Frère,1917-01-30,Belgian,,,http://en.wikipedia.org/wiki/Paul_Fr%C3%A8re
antonio_fuoco,Antonio,Fuoco,,,,,
fushida,Hiroshi,Fushida,1946-03-10,Japanese,,,http://en.wikipedia.org/wiki/Hiroshi_Fushida
gabbiani,Beppe,Gabbiani,1957-01-02,Italian,,,http://en.wikipedia.org/wiki/Beppe_Gabbiani
gachot,Bertrand,Gachot,1962-12-23,Belgian,,,http://en.wikipedia.org/wiki/Bertrand_Gachot
gaillard,Patrick,Gaillard,1952-02-12,French,,,http://en.wikipedia.org/wiki/Patrick_Gaillard
galica,Divina,Galica,1944-08-13,British,,,http://en.wikipedia.org/wiki/Divina_Galica
galli,Nanni,Galli,1940-10-02,Italian,,,http://en.wikipedia.org/wiki/Nanni_Galli
gamble,Fred,Gamble,1932-03-17,American,,,http://en.wikipedia.org/wiki/Fred_Gamble_(racing_driver)
ganley,Howden,Ganley,1941-12-24,New Zealander,,,http://en.wikipedia.org/wiki/Howden_Ganley
gardner,Frank,Gardner,1930-10-01,Australian,,,http://en.wikipedia.org/wiki/Frank_Gardner_(driver)
garrett,Billy,Garrett,1933-04-24,American,,,http://en.wikipedia.org/wiki/Billy_Garrett
gartner,Jo,Gartner,1954-01-24,Austrian,,,http://en.wikipedia.org/wiki/Jo_Gartner
gasly,Pierre,Gasly,1996-02-07,French,10,GAS,http://en.wikipedia.org/wiki/Pierre_Gasly
gaze,Tony,Gaze,1920-02-03,Australian,,,http://en.wikipedia.org/wiki/Tony_Gaze
gendebien,Olivier,Gendebien,1924-01-12,Belgian,,,http://en.wikipedia.org/wiki/Olivier_Gendebien
gene,Marc,Gené,1974-03-29,Spanish,,,http://en.wikipedia.org/wiki/Marc_Gen%C3%A9
george,Elmer,George,1928-07-15,American,,,http://en.wikipedia.org/wiki/Elmer_George
gerard,Bob,Gerard,1914-01-19,British,,,http://en.wikipedia.org/wiki/Bob_Gerard
gerini,Gerino,Gerini,1928-08-10,Italian,,,http://en.wikipedia.org/wiki/Gerino_Gerini_(racing_driver)
gethin,Peter,Gethin,1940-02-21,British,,,http://en.wikipedia.org/wiki/Peter_Gethin
ghinzani,Piercarlo,Ghinzani,1952-01-16,Italian,,,http://en.wikipedia.org/wiki/Piercarlo_Ghinzani
giacomelli,Bruno,Giacomelli,1952-09-10,Italian,,,http://en.wikipedia.org/wiki/Bruno_Giacomelli
gibson,Dick,Gibson,1918-04-16,British,,,http://en.wikipedia.org/wiki/Dick_Gibson
ginther,Richie,Ginther,1930-08-05,American,,,http://en.wikipedia.org/wiki/Richie_Ginther
giovinazzi,Antonio,Giovinazzi,1993-12-14,Italian,99,GIO,http://en.wikipedia.org/wiki/Antonio_Giovinazzi
giunti,Ignazio,Giunti,1941-08-30,Italian,,,http://en.wikipedia.org/wiki/Ignazio_Giunti
glock,Timo,Glock,1982-03-18,German,,GLO,http://en.wikipedia.org/wiki/Timo_Glock
godia,Paco,Godia,1921-03-21,Spanish,,,http://en.wikipedia.org/wiki/Paco_Godia
goethals,Christian,Goethals,1928-08-04,Belgian,,,http://en.wikipedia.org/wiki/Christian_Goethals
goldsmith,Paul,Goldsmith,1925-10-02,American,,,http://en.wikipedia.org/wiki/Paul_Goldsmith
gonzalez,José Froilán,González,1922-10-05,Argentine,,,http://en.wikipedia.org/wiki/Jos%C3%A9_Froil%C3%A1n_Gonz%C3%A1lez
oscar_gonzalez,Óscar,González,1923-11-10,Uruguayan,,,http://en.wikipedia.org/wiki/%C3%93scar_Gonz%C3%A1lez_(racing_driver)
gordini,Aldo,Gordini,1921-05-20,French,,,http://en.wikipedia.org/wiki/Aldo_Gordini
gould,Horace,Gould,1918-09-20,British,,,http://en.wikipedia.org/wiki/Horace_Gould
gounon,Jean-Marc,Gounon,1963-01-01,French,,,http://en.wikipedia.org/wiki/Jean-Marc_Gounon
green,Cecil,Green,1919-09-30,American,,,http://en.wikipedia.org/wiki/Cecil_Green
greene,Keith,Greene,1938-01-05,British,,,http://en.wikipedia.org/wiki/Keith_Greene
gregory,Masten,Gregory,1932-02-29,American,,,http://en.wikipedia.org/wiki/Masten_Gregory
griffith,Cliff,Griffith,1916-02-06,American,,,http://en.wikipedia.org/wiki/Cliff_Griffith
grignard,Georges,Grignard,1905-07-25,French,,,http://en.wikipedia.org/wiki/Georges_Grignard
grim,Bobby,Grim,1924-09-04,American,,,http://en.wikipedia.org/wiki/Bobby_Grim
grosjean,Romain,Grosjean,1986-04-17,French,8,GRO,http://en.wikipedia.org/wiki/Romain_Grosjean
grouillard,Olivier,Grouillard,1958-09-02,French,,,http://en.wikipedia.org/wiki/Olivier_Grouillard
gubby,Brian,Gubby,1934-04-17,British,,,http://en.wikipedia.org/wiki/Brian_Gubby
guelfi,André,Guelfi,1919-05-06,French,,,http://en.wikipedia.org/wiki/Andr%C3%A9_Guelfi
guerra,Miguel Ángel,Guerra,1953-08-31,Argentine,,,http://en.wikipedia.org/wiki/Miguel_Angel_Guerra
guerrero,Roberto,Guerrero,1958-11-16,Colombian,,,http://en.wikipedia.org/wiki/Roberto_Guerrero
gugelmin,Maurício,Gugelmin,1963-04-20,Brazilian,,,http://en.wikipedia.org/wiki/Maur%C3%ADcio_Gugelmin
gurney,Dan,Gurney,1931-04-13,American,,,http://en.wikipedia.org/wiki/Dan_Gurney
gutierrez,Esteban,Gutiérrez,1991-08-05,Mexican,21,GUT,http://en.wikipedia.org/wiki/Esteban_Guti%C3%A9rrez
galvez,Oscar,Gálvez,1913-08-17,Argentine,,,http://en.wikipedia.org/wiki/%C3%93scar_Alfredo_G%C3%A1lvez
hadjar,Isack,Hadjar,2004-09-28,French,6,HAD,https://en.wikipedia.org/wiki/Isack_Hadjar
hahne,Hubert,Hahne,1935-03-28,German,,,http://en.wikipedia.org/wiki/Hubert_Hahne
hailwood,Mike,Hailwood,1940-04-02,British,,,http://en.wikipedia.org/wiki/Mike_Hailwood
halford,Bruce,Halford,1931-05-18,British,,,http://en.wikipedia.org/wiki/Bruce_Halford
hall,Jim,Hall,1935-07-23,American,,,http://en.wikipedia.org/wiki/Jim_Hall_(race_car_driver)
duncan_hamilton,Duncan,Hamilton,1920-04-30,British,,,http://en.wikipedia.org/wiki/Duncan_Hamilton_(racing_driver)
hamilton,Lewis,Hamilton,1985-01-07,British,44,HAM,http://en.wikipedia.org/wiki/Lewis_Hamilton
hampshire,David,Hampshire,1917-12-29,British,,,http://en.wikipedia.org/wiki/David_Hampshire
hanks,Sam,Hanks,1914-07-13,American,,,http://en.wikipedia.org/wiki/Sam_Hanks
hansgen,Walt,Hansgen,1919-10-28,American,,,http://en.wikipedia.org/wiki/Walt_Hansgen
harris,Mike,Harris,1939-05-25,South African,,,http://en.wikipedia.org/wiki/Mike_Harris_(race_car_driver)
harrison,Cuth,Harrison,1906-07-06,British,,,http://en.wikipedia.org/wiki/Cuth_Harrison
hart,Brian,Hart,1936-09-07,British,,,http://en.wikipedia.org/wiki/Brian_Hart
hartley,Gene,Hartley,1926-01-28,American,,,http://en.wikipedia.org/wiki/Gene_Hartley
brendon_hartley,Brendon,Hartley,1989-11-10,New Zealander,28,HAR,http://en.wikipedia.org/wiki/Brendon_Hartley
haryanto,Rio,Haryanto,1993-01-22,Indonesian,88,HAR,http://en.wikipedia.org/wiki/Rio_Haryanto
hasemi,Masahiro,Hasemi,1945-11-13,Japanese,,,http://en.wikipedia.org/wiki/Masahiro_Hasemi
hattori,Naoki,Hattori,1966-06-13,Japanese,,,http://en.wikipedia.org/wiki/Naoki_Hattori
hawkins,Paul,Hawkins,1937-10-12,Australian,,,http://en.wikipedia.org/wiki/Paul_Hawkins_(racing_driver)
hawthorn,Mike,Hawthorn,1929-04-10,British,,,http://en.wikipedia.org/wiki/Mike_Hawthorn
heeks,Willi,Heeks,1922-02-13,German,,,http://en.wikipedia.org/wiki/Willi_Heeks
heidfeld,Nick,Heidfeld,1977-05-10,German,,HEI,http://en.wikipedia.org/wiki/Nick_Heidfeld
helfrich,Theo,Helfrich,1913-05-13,German,,,http://en.wikipedia.org/wiki/Theo_Helfrich
hellings,Mack,Hellings,1915-09-14,American,,,http://en.wikipedia.org/wiki/Mack_Hellings
henton,Brian,Henton,1946-09-19,British,,,http://en.wikipedia.org/wiki/Brian_Henton
herbert,Johnny,Herbert,1964-06-25,British,,,http://en.wikipedia.org/wiki/Johnny_Herbert
herman,Al,Herman,1927-03-15,American,,,http://en.wikipedia.org/wiki/Al_Herman
herrmann,Hans,Herrmann,1928-02-23,German,,,http://en.wikipedia.org/wiki/Hans_Herrmann
hesnault,François,Hesnault,1956-12-30,French,,,http://en.wikipedia.org/wiki/Fran%C3%A7ois_Hesnault
heyer,Hans,Heyer,1943-03-16,German,,,http://en.wikipedia.org/wiki/Hans_Heyer
hill,Graham,Hill,1929-02-15,British,,,http://en.wikipedia.org/wiki/Graham_Hill
phil_hill,Phil,Hill,1927-04-20,American,,,http://en.wikipedia.org/wiki/Phil_Hill
damon_hill,Damon,Hill,1960-09-17,British,,,http://en.wikipedia.org/wiki/Damon_Hill
ryo_hirakawa,Ryo,Hirakawa,,,,,
hirt,Peter,Hirt,1910-03-30,Swiss,,,http://en.wikipedia.org/wiki/Peter_Hirt
hobbs,David,Hobbs,1939-06-09,British,,,http://en.wikipedia.org/wiki/David_Hobbs_(racing_driver)
hocking,Gary,Hocking,1937-09-30,Rhodesian,,,http://en.wikipedia.org/wiki/Gary_Hocking
hoffmann,Ingo,Hoffmann,1953-02-28,Brazilian,,,http://en.wikipedia.org/wiki/Ingo_Hoffmann
holland,Bill,Holland,1907-12-18,American,,,http://en.wikipedia.org/wiki/Bill_Holland
holmes,Jackie,Holmes,1920-09-04,American,,,http://en.wikipedia.org/wiki/Jackie_Holmes
homeier,Bill,Homeier,1918-08-31,American,,,http://en.wikipedia.org/wiki/Bill_Homeier
hoshino,Kazuyoshi,Hoshino,1947-07-01,Japanese,,,http://en.wikipedia.org/wiki/Kazuyoshi_Hoshino
hoyt,Jerry,Hoyt,1929-01-29,American,,,http://en.wikipedia.org/wiki/Jerry_Hoyt
hulme,Denny,Hulme,1936-06-18,New Zealander,,,http://en.wikipedia.org/wiki/Denny_Hulme
hunt,James,Hunt,1947-08-29,British,,,http://en.wikipedia.org/wiki/James_Hunt
hurtubise,Jim,Hurtubise,1932-12-05,American,,,http://en.wikipedia.org/wiki/Jim_Hurtubise
hutchison,Gus,Hutchison,1937-04-26,American,,,http://en.wikipedia.org/wiki/Gus_Hutchison
hakkinen,Mika,Häkkinen,1968-09-28,Finnish,,,http://en.wikipedia.org/wiki/Mika_H%C3%A4kkinen
hulkenberg,Nico,Hülkenberg,1987-08-19,German,27,HUL,http://en.wikipedia.org/wiki/Nico_H%C3%BClkenberg
ickx,Jacky,Ickx,1945-01-01,Belgian,,,http://en.wikipedia.org/wiki/Jacky_Ickx
ide,Yuji,Ide,1975-01-21,Japanese,,IDE,http://en.wikipedia.org/wiki/Yuji_Ide
iglesias,Jesús,Iglesias,1922-02-22,Argentine,,,http://en.wikipedia.org/wiki/Jes%C3%BAs_Iglesias
inoue,Taki,Inoue,1963-09-05,Japanese,,,http://en.wikipedia.org/wiki/Taki_Inoue
ireland,Innes,Ireland,1930-06-12,British,,,http://en.wikipedia.org/wiki/Innes_Ireland
irvine,Eddie,Irvine,1965-11-10,British,,,http://en.wikipedia.org/wiki/Eddie_Irvine
irwin,Chris,Irwin,1942-06-27,British,,,http://en.wikipedia.org/wiki/Chris_Irwin
ayumu_iwasa,Ayumu,Iwasa,,,,,
jabouille,Jean-Pierre,Jabouille,1942-10-01,French,,,http://en.wikipedia.org/wiki/Jean-Pierre_Jabouille
jackson,Jimmy,Jackson,1910-07-25,American,,,http://en.wikipedia.org/wiki/Jimmy_Jackson_(driver)
james,Joe,James,1925-05-23,American,,,http://en.wikipedia.org/wiki/Joe_James_(racing_driver)
john_james,John,James,1914-05-10,British,,,http://en.wikipedia.org/wiki/John_James_(auto_racer)
jarier,Jean-Pierre,Jarier,1946-07-10,French,,,http://en.wikipedia.org/wiki/Jean-Pierre_Jarier
jean,Max,Jean,1943-07-27,French,,,http://en.wikipedia.org/wiki/Max_Jean
johansson,Stefan,Johansson,1956-09-08,Swedish,,,http://en.wikipedia.org/wiki/Stefan_Johansson
leslie_johnson,Leslie,Johnson,1912-03-22,British,,,http://en.wikipedia.org/wiki/Leslie_Johnson_(racing_driver)
johnson,Eddie,Johnson,1919-02-10,American,,,http://en.wikipedia.org/wiki/Eddie_Johnson_(auto_racer)
johnstone,Bruce,Johnstone,1937-01-30,South African,,,http://en.wikipedia.org/wiki/Bruce_Johnstone_(racing_driver)
tom_jones,Tom,Jones,1943-04-26,American,,,http://en.wikipedia.org/wiki/Tom_Jones_(auto_racer)
jones,Alan,Jones,1946-11-02,Australian,,,http://en.wikipedia.org/wiki/Alan_Jones_(Formula_1)
jover,Juan,Jover,1903-11-23,Spanish,,,http://en.wikipedia.org/wiki/Juan_Jover
lehto,Jyrki,Järvilehto,1966-01-31,Finnish,,,http://en.wikipedia.org/wiki/Jyrki_J%C3%A4rvilehto
karch,Oswald,Karch,1917-03-06,German,,,http://en.wikipedia.org/wiki/Oswald_Karch
karthikeyan,Narain,Karthikeyan,1977-01-14,Indian,,KAR,http://en.wikipedia.org/wiki/Narain_Karthikeyan
katayama,Ukyo,Katayama,1963-05-29,Japanese,,,http://en.wikipedia.org/wiki/Ukyo_Katayama
kavanagh,Ken,Kavanagh,1923-12-12,Australian,,,http://en.wikipedia.org/wiki/Ken_Kavanagh
keegan,Rupert,Keegan,1955-02-26,British,,,http://en.wikipedia.org/wiki/Rupert_Keegan
keizan,Eddie,Keizan,1944-09-12,South African,,,http://en.wikipedia.org/wiki/Eddie_Keizan
keller,Al,Keller,1920-04-11,American,,,http://en.wikipedia.org/wiki/Al_Keller
kelly,Joe,Kelly,1913-03-13,Irish,,,http://en.wikipedia.org/wiki/Joe_Kelly_(Formula_One)
kennedy,Dave,Kennedy,1953-01-15,Irish,,,http://en.wikipedia.org/wiki/David_Kennedy_(racing_driver)
kessel,Loris,Kessel,1950-04-01,Swiss,,,http://en.wikipedia.org/wiki/Loris_Kessel
kessler,Bruce,Kessler,1936-03-23,American,,,http://en.wikipedia.org/wiki/Bruce_Kessler
kiesa,Nicolas,Kiesa,1978-03-03,Danish,,,http://en.wikipedia.org/wiki/Nicolas_Kiesa
kinnunen,Leo,Kinnunen,1943-08-05,Finnish,,,http://en.wikipedia.org/wiki/Leo_Kinnunen
kladis,Danny,Kladis,1917-02-10,American,,,http://en.wikipedia.org/wiki/Danny_Kladis
klenk,Hans,Klenk,1919-10-28,German,,,http://en.wikipedia.org/wiki/Hans_Klenk
klien,Christian,Klien,1983-02-07,Austrian,,KLI,http://en.wikipedia.org/wiki/Christian_Klien
kling,Karl,Kling,1910-09-16,German,,,http://en.wikipedia.org/wiki/Karl_Kling
klodwig,Ernst,Klodwig,1903-05-23,East German,,,http://en.wikipedia.org/wiki/Ernst_Klodwig
kobayashi,Kamui,Kobayashi,1986-09-13,Japanese,10,KOB,http://en.wikipedia.org/wiki/Kamui_Kobayashi
koinigg,Helmuth,Koinigg,1948-11-03,Austrian,,,http://en.wikipedia.org/wiki/Helmuth_Koinigg
kovalainen,Heikki,Kovalainen,1981-10-19,Finnish,,KOV,http://en.wikipedia.org/wiki/Heikki_Kovalainen
kozarowitzky,Mikko,Kozarowitzky,1948-05-17,Finnish,,,http://en.wikipedia.org/wiki/Mikko_Kozarowitzky
krause,Rudolf,Krause,1907-03-30,East German,,,http://en.wikipedia.org/wiki/Rudolf_Krause
kubica,Robert,Kubica,1984-12-07,Polish,88,KUB,http://en.wikipedia.org/wiki/Robert_Kubica
kuhnke,Kurt,Kuhnke,1910-04-30,German,,,http://en.wikipedia.org/wiki/Kurt_Kuhnke
kvyat,Daniil,Kvyat,1994-04-26,Russian,26,KVY,http://en.wikipedia.org/wiki/Daniil_Kvyat
la_caze,Robert,La Caze,1917-02-26,French,,,http://en.wikipedia.org/wiki/Robert_La_Caze
laffite,Jacques,Laffite,1943-11-21,French,,,http://en.wikipedia.org/wiki/Jacques_Laffite
lagorce,Franck,Lagorce,1968-09-01,French,,,http://en.wikipedia.org/wiki/Franck_Lagorce
lammers,Jan,Lammers,1956-06-02,Dutch,,,http://en.wikipedia.org/wiki/Jan_Lammers
lamy,Pedro,Lamy,1972-03-20,Portuguese,,,http://en.wikipedia.org/wiki/Pedro_Lamy
landi,Chico,Landi,1907-07-14,Brazilian,,,http://en.wikipedia.org/wiki/Chico_Landi
lang,Hermann,Lang,1909-04-06,German,,,http://en.wikipedia.org/wiki/Hermann_Lang
langes,Claudio,Langes,1960-07-20,Italian,,,http://en.wikipedia.org/wiki/Claudio_Langes
larini,Nicola,Larini,1964-03-19,Italian,,,http://en.wikipedia.org/wiki/Nicola_Larini
larrauri,Oscar,Larrauri,1954-08-19,Argentine,,,http://en.wikipedia.org/wiki/Oscar_Larrauri
larreta,Alberto Rodriguez,Larreta,1934-01-14,Argentine,,,http://en.wikipedia.org/wiki/Alberto_Rodriguez_Larreta
larrousse,Gérard,Larrousse,1940-05-23,French,,,http://en.wikipedia.org/wiki/G%C3%A9rard_Larrousse
larson,Jud,Larson,1923-01-21,American,,,http://en.wikipedia.org/wiki/Jud_Larson
latifi,Nicholas,Latifi,1995-06-29,Canadian,6,LAT,http://en.wikipedia.org/wiki/Nicholas_Latifi
lauda,Niki,Lauda,1949-02-22,Austrian,,,http://en.wikipedia.org/wiki/Niki_Lauda
laurent,Roger,Laurent,1913-02-21,Belgian,,,http://en.wikipedia.org/wiki/Roger_Laurent
lavaggi,Giovanni,Lavaggi,1958-02-18,Italian,,,http://en.wikipedia.org/wiki/Giovanni_Lavaggi
lawrence,Chris,Lawrence,1933-07-27,British,,,http://en.wikipedia.org/wiki/Chris_Lawrence_(racing_driver)
lawson,Liam,Lawson,2002-02-11,New Zealander,30,LAW,http://en.wikipedia.org/wiki/Liam_Lawson
leclerc,Charles,Leclerc,1997-10-16,Monegasque,16,LEC,http://en.wikipedia.org/wiki/Charles_Leclerc
arthur_leclerc,Arthur,Leclerc,,,,,
leclere,Michel,Leclère,1946-03-18,French,,,http://en.wikipedia.org/wiki/Michel_Lecl%C3%A8re
lederle,Neville,Lederle,1938-09-25,South African,,,http://en.wikipedia.org/wiki/Neville_Lederle
lees,Geoff,Lees,1951-05-01,British,,,http://en.wikipedia.org/wiki/Geoff_Lees
legat,Arthur,Legat,1898-11-01,Belgian,,,http://en.wikipedia.org/wiki/Arthur_Legat
leoni,Lamberto,Leoni,1953-05-24,Italian,,,http://en.wikipedia.org/wiki/Lamberto_Leoni
leston,Les,Leston,1920-12-16,British,,,http://en.wikipedia.org/wiki/Les_Leston
levegh,Pierre,Levegh,1905-12-22,French,,,http://en.wikipedia.org/wiki/Pierre_Levegh
levrett,Bayliss,Levrett,1914-02-14,American,,,http://en.wikipedia.org/wiki/Bayliss_Levrett
lewis,Jackie,Lewis,1936-11-01,British,,,http://en.wikipedia.org/wiki/Jackie_Lewis
lewis-evans,Stuart,Lewis-Evans,1930-04-20,British,,,http://en.wikipedia.org/wiki/Stuart_Lewis-Evans
ligier,Guy,Ligier,1930-07-12,French,,,http://en.wikipedia.org/wiki/Guy_Ligier
arvid_lindblad,Arvid,Lindblad,2007-08-08,British,41,LIN,https://en.wikipedia.org/wiki/Arvid_Lindblad
linden,Andy,Linden,1922-04-05,American,,,http://en.wikipedia.org/wiki/Andy_Linden_(racing_driver)
lippi,Roberto,Lippi,1926-10-17,Italian,,,http://en.wikipedia.org/wiki/Roberto_Lippi
liuzzi,Vitantonio,Liuzzi,1980-08-06,Italian,,LIU,http://en.wikipedia.org/wiki/Vitantonio_Liuzzi
lombardi,Lella,Lombardi,1941-03-26,Italian,,,http://en.wikipedia.org/wiki/Lella_Lombardi
londono,Ricardo,Londoño,1949-08-08,Colombian,,,http://en.wikipedia.org/wiki/Ricardo_Londo%C3%B1o
loof,Ernst,Loof,1907-07-04,German,,,http://en.wikipedia.org/wiki/Ernst_Loof
lotterer,André,Lotterer,1981-11-19,German,45,LOT,http://en.wikipedia.org/wiki/Andr%C3%A9_Lotterer
louveau,Henri,Louveau,1910-01-25,French,,,http://en.wikipedia.org/wiki/Henri_Louveau
love,John,Love,1924-12-07,Rhodesian,,,http://en.wikipedia.org/wiki/John_Love_(racing_driver)
lovely,Pete,Lovely,1926-04-11,American,,,http://en.wikipedia.org/wiki/Pete_Lovely
loyer,Roger,Loyer,1907-08-05,French,,,http://en.wikipedia.org/wiki/Roger_Loyer
lucas,Jean,Lucas,1917-04-25,French,,,http://en.wikipedia.org/wiki/Jean_Lucas
lucienbonnet,Jean,Lucienbonnet,1923-01-07,French,,,http://en.wikipedia.org/wiki/Jean_Lucienbonnet
lunger,Brett,Lunger,1945-11-14,American,,,http://en.wikipedia.org/wiki/Brett_Lunger
hayje,Boy,Lunger,1949-05-03,Dutch,,,http://en.wikipedia.org/wiki/Boy_Hayje
macdowel,Mike,MacDowel,1932-09-13,British,,,http://en.wikipedia.org/wiki/Mike_MacDowel
mackay-fraser,Herbert,MacKay-Fraser,1927-06-23,American,,,http://en.wikipedia.org/wiki/Herbert_MacKay-Fraser
mackey,Bill,Mackey,1927-12-15,American,,,http://en.wikipedia.org/wiki/Bill_Mackey
macklin,Lance,Macklin,1919-09-02,British,,,http://en.wikipedia.org/wiki/Lance_Macklin
magee,Damien,Magee,1945-11-17,British,,,http://en.wikipedia.org/wiki/Damien_Magee
maggs,Tony,Maggs,1937-02-09,South African,,,http://en.wikipedia.org/wiki/Tony_Maggs
magill,Mike,Magill,1920-02-08,American,,,http://en.wikipedia.org/wiki/Mike_Magill
maglioli,Umberto,Maglioli,1928-06-05,Italian,,,http://en.wikipedia.org/wiki/Umberto_Maglioli
magnussen,Jan,Magnussen,1973-07-04,Danish,,MAG,http://en.wikipedia.org/wiki/Jan_Magnussen
kevin_magnussen,Kevin,Magnussen,1992-10-05,Danish,20,MAG,http://en.wikipedia.org/wiki/Kevin_Magnussen
guy_mairesse,Guy,Mairesse,1910-08-10,French,,,http://en.wikipedia.org/wiki/Guy_Mairesse
mairesse,Willy,Mairesse,1928-10-01,Belgian,,,http://en.wikipedia.org/wiki/Willy_Mairesse
maldonado,Pastor,Maldonado,1985-03-09,Venezuelan,13,MAL,http://en.wikipedia.org/wiki/Pastor_Maldonado
mansell,Nigel,Mansell,1953-08-08,British,,,http://en.wikipedia.org/wiki/Nigel_Mansell
mantovani,Sergio,Mantovani,1929-05-22,Italian,,,http://en.wikipedia.org/wiki/Sergio_Mantovani
mantz,Johnny,Mantz,1918-09-18,American,,,http://en.wikipedia.org/wiki/Johnny_Mantz
manzon,Robert,Manzon,1917-04-12,French,,,http://en.wikipedia.org/wiki/Robert_Manzon
marimon,Onofre,Marimón,1923-12-19,Argentine,,,http://en.wikipedia.org/wiki/Onofre_Marim%C3%B3n
marko,Helmut,Marko,1943-04-27,Austrian,,,http://en.wikipedia.org/wiki/Helmut_Marko
marques,Tarso,Marques,1976-01-19,Brazilian,,,http://en.wikipedia.org/wiki/Tarso_Marques
marr,Leslie,Marr,1922-08-14,British,,,http://en.wikipedia.org/wiki/Leslie_Marr
marsh,Tony,Marsh,1931-07-20,British,,,http://en.wikipedia.org/wiki/Tony_Marsh_(racing_driver)
martin,Eugène,Martin,1915-03-24,French,,,http://en.wikipedia.org/wiki/Eug%C3%A8ne_Martin
martini,Pierluigi,Martini,1961-04-23,Italian,,,http://en.wikipedia.org/wiki/Pierluigi_Martini
victor_martins,Victor,Martins,,,,,
mass,Jochen,Mass,1946-09-30,German,,,http://en.wikipedia.org/wiki/Jochen_Mass
massa,Felipe,Massa,1981-04-25,Brazilian,19,MAS,http://en.wikipedia.org/wiki/Felipe_Massa
may,Michael,May,1934-08-18,Swiss,,,http://en.wikipedia.org/wiki/Michael_May_(racing_driver)
mayer,Timmy,Mayer,1938-02-22,American,,,http://en.wikipedia.org/wiki/Timmy_Mayer
mazepin,Nikita,Mazepin,1999-03-02,Russian,9,MAZ,http://en.wikipedia.org/wiki/Nikita_Mazepin
mazet,François,Mazet,1943-02-24,French,,,http://en.wikipedia.org/wiki/Fran%C3%A7ois_Mazet
mazzacane,Gastón,Mazzacane,1975-05-08,Argentine,,,http://en.wikipedia.org/wiki/Gast%C3%B3n_Mazzacane
mcalpine,Kenneth,McAlpine,1920-09-21,British,,,http://en.wikipedia.org/wiki/Kenneth_McAlpine
mccarthy,Perry,McCarthy,1961-03-03,British,,,http://en.wikipedia.org/wiki/Perry_McCarthy
mccoy,Ernie,McCoy,1921-02-19,American,,,http://en.wikipedia.org/wiki/Ernie_McCoy
mcdowell,Johnny,McDowell,1915-01-29,American,,,http://en.wikipedia.org/wiki/Johnny_McDowell
mcgrath,Jack,McGrath,1919-10-08,American,,,http://en.wikipedia.org/wiki/Jack_McGrath_(racing_driver)
mcguire,Brian,McGuire,1945-12-13,Australian,,,http://en.wikipedia.org/wiki/Brian_McGuire
mclaren,Bruce,McLaren,1937-08-30,New Zealander,,,http://en.wikipedia.org/wiki/Bruce_McLaren
mcnish,Allan,McNish,1969-12-29,British,,,http://en.wikipedia.org/wiki/Allan_McNish
mcrae,Graham,McRae,1940-03-05,New Zealander,,,http://en.wikipedia.org/wiki/Graham_McRae
mcwithey,Jim,McWithey,1927-07-04,American,,,http://en.wikipedia.org/wiki/Jim_McWithey
menditeguy,Carlos,Menditeguy,1914-08-10,Argentine,,,http://en.wikipedia.org/wiki/Carlos_Menditeguy
merhi,Roberto,Merhi,1991-03-22,Spanish,98,MER,http://en.wikipedia.org/wiki/Roberto_Merhi
merzario,Arturo,Merzario,1943-03-11,Italian,,,http://en.wikipedia.org/wiki/Arturo_Merzario
mieres,Roberto,Mieres,1924-12-03,Argentine,,,http://en.wikipedia.org/wiki/Roberto_Mieres
migault,François,Migault,1944-12-04,French,,,http://en.wikipedia.org/wiki/Fran%C3%A7ois_Migault
ken_miles,Ken,Miles,1918-11-01,British,,,http://en.wikipedia.org/wiki/Ken_Miles
miles,John,Miles,1943-06-14,British,,,http://en.wikipedia.org/wiki/John_Miles_(auto_racer)
milhoux,André,Milhoux,1928-12-09,Belgian,,,http://en.wikipedia.org/wiki/Andr%C3%A9_Milhoux
miller,Chet,Miller,1902-07-19,American,,,http://en.wikipedia.org/wiki/Chet_Miller
mitter,Gerhard,Mitter,1935-08-30,German,,,http://en.wikipedia.org/wiki/Gerhard_Mitter
modena,Stefano,Modena,1963-05-12,Italian,,,http://en.wikipedia.org/wiki/Stefano_Modena
monarch,Thomas,Monarch,1945-09-03,American,,,http://en.wikipedia.org/wiki/Talk:1963_Mexican_Grand_Prix#Who_was_Thomas_Monarch.3F
montagny,Franck,Montagny,1978-01-05,French,,FMO,http://en.wikipedia.org/wiki/Franck_Montagny
monteiro,Tiago,Monteiro,1976-07-24,Portuguese,,TMO,http://en.wikipedia.org/wiki/Tiago_Monteiro
montermini,Andrea,Montermini,1964-05-30,Italian,,,http://en.wikipedia.org/wiki/Andrea_Montermini
monteverdi,Peter,Monteverdi,1934-06-07,Swiss,,,http://en.wikipedia.org/wiki/Peter_Monteverdi
charrington,Robin,Montgomerie-Charrington,1915-06-23,British,,,http://en.wikipedia.org/wiki/Robin_Montgomerie-Charrington
morbidelli,Gianni,Morbidelli,1968-01-13,Italian,,,http://en.wikipedia.org/wiki/Gianni_Morbidelli
moreno,Roberto,Moreno,1959-02-11,Brazilian,,,http://en.wikipedia.org/wiki/Roberto_Moreno
morgan,Dave,Morgan,1944-08-07,British,,,http://en.wikipedia.org/wiki/Dave_Morgan_(racing_driver)
moser,Silvio,Moser,1941-04-24,Swiss,,,http://en.wikipedia.org/wiki/Silvio_Moser
moss,Stirling,Moss,1929-09-17,British,,,http://en.wikipedia.org/wiki/Stirling_Moss
bill_moss,Bill,Moss,1933-09-04,British,,,http://en.wikipedia.org/wiki/Bill_Moss_(racing_driver)
munaron,Gino,Munaron,1928-04-02,Italian,,,http://en.wikipedia.org/wiki/Gino_Munaron
murray,David,Murray,1909-12-28,British,,,http://en.wikipedia.org/wiki/David_Murray_(driver)
musso,Luigi,Musso,1924-07-28,Italian,,,http://en.wikipedia.org/wiki/Luigi_Musso
satoru_nakajima,Satoru,Nakajima,1953-02-23,Japanese,,,http://en.wikipedia.org/wiki/Satoru_Nakajima
nakajima,Kazuki,Nakajima,1985-01-11,Japanese,,NAK,http://en.wikipedia.org/wiki/Kazuki_Nakajima
nakano,Shinji,Nakano,1971-04-01,Japanese,,,http://en.wikipedia.org/wiki/Shinji_Nakano
nalon,Duke,Nalon,1913-03-02,American,,,http://en.wikipedia.org/wiki/Duke_Nalon
nannini,Alessandro,Nannini,1959-07-07,Italian,,,http://en.wikipedia.org/wiki/Alessandro_Nannini
naspetti,Emanuele,Naspetti,1968-02-24,Italian,,,http://en.wikipedia.org/wiki/Emanuele_Naspetti
nasr,Felipe,Nasr,1992-08-21,Brazilian,12,NAS,http://en.wikipedia.org/wiki/Felipe_Nasr
natili,Massimo,Natili,1935-07-28,Italian,,,http://en.wikipedia.org/wiki/Massimo_Natili
naylor,Brian,Naylor,1923-03-24,British,,,http://en.wikipedia.org/wiki/Brian_Naylor
nazaruk,Mike,Nazaruk,1921-10-02,American,,,http://en.wikipedia.org/wiki/Mike_Nazaruk
needell,Tiff,Needell,1951-10-29,British,,,http://en.wikipedia.org/wiki/Tiff_Needell
nelleman,Jac,Nelleman,1944-04-19,Danish,,,http://en.wikipedia.org/wiki/Jac_Nelleman
nicholson,John,Nicholson,1941-10-06,New Zealander,,,http://en.wikipedia.org/wiki/John_Nicholson_(racing_driver)
niday,Cal,Niday,1914-04-29,American,,,http://en.wikipedia.org/wiki/Cal_Niday
niedermayr,Helmut,Niedermayr,1915-11-29,German,,,http://en.wikipedia.org/wiki/Helmut_Niedermayr
niemann,Brausch,Niemann,1939-01-07,South African,,,http://en.wikipedia.org/wiki/Brausch_Niemann
nilsson,Gunnar,Nilsson,1948-11-20,Swedish,,,http://en.wikipedia.org/wiki/Gunnar_Nilsson
noda,Hideki,Noda,1969-03-07,Japanese,,,http://en.wikipedia.org/wiki/Hideki_Noda
norris,Lando,Norris,1999-11-13,British,1,NOR,http://en.wikipedia.org/wiki/Lando_Norris
nuckey,Rodney,Nuckey,1929-06-26,British,,,http://en.wikipedia.org/wiki/Rodney_Nuckey
neve,Patrick,Nève,1949-10-13,Belgian,,,http://en.wikipedia.org/wiki/Patrick_Neve
obrien,Robert,O'Brien,1908-04-11,American,,,http://en.wikipedia.org/wiki/Robert_O%27Brien_(auto_racer)
connor,Pat,O'Connor,1928-10-09,American,,,http://en.wikipedia.org/wiki/Pat_O%27Connor_(auto_racer)
patricio_o_ward,Patricio,O'Ward,,,,,
ocon,Esteban,Ocon,1996-09-17,French,31,OCO,http://en.wikipedia.org/wiki/Esteban_Ocon
oliver,Jackie,Oliver,1942-08-14,British,,,http://en.wikipedia.org/wiki/Jackie_Oliver
ongais,Danny,Ongais,1942-05-21,American,,,http://en.wikipedia.org/wiki/Danny_Ongais
owen,Arthur,Owen,1915-03-23,British,,,http://en.wikipedia.org/wiki/Arthur_Owen
montoya,Juan,Pablo Montoya,1975-09-20,Colombian,,MON,http://en.wikipedia.org/wiki/Juan_Pablo_Montoya
pace,Carlos,Pace,1944-10-06,Brazilian,,,http://en.wikipedia.org/wiki/Carlos_Pace
pagani,Nello,Pagani,1911-10-11,Italian,,,http://en.wikipedia.org/wiki/Nello_Pagani
paletti,Riccardo,Paletti,1958-06-15,Italian,,,http://en.wikipedia.org/wiki/Riccardo_Paletti
palm,Torsten,Palm,1947-07-23,Swedish,,,http://en.wikipedia.org/wiki/Torsten_Palm
palmer,Jonathan,Palmer,1956-11-07,British,,,http://en.wikipedia.org/wiki/Jonathan_Palmer
jolyon_palmer,Jolyon,Palmer,1991-01-20,British,30,PAL,http://en.wikipedia.org/wiki/Jolyon_Palmer
panis,Olivier,Panis,1966-09-02,French,,,http://en.wikipedia.org/wiki/Olivier_Panis
pantano,Giorgio,Pantano,1979-02-04,Italian,,,http://en.wikipedia.org/wiki/Giorgio_Pantano
papis,Massimiliano,Papis,1969-10-03,Italian,,,http://en.wikipedia.org/wiki/Massimiliano_Papis
parkes,Mike,Parkes,1931-09-24,British,,,http://en.wikipedia.org/wiki/Mike_Parkes
reg_parnell,Reg,Parnell,1911-07-02,British,,,http://en.wikipedia.org/wiki/Reg_Parnell
parnell,Tim,Parnell,1932-06-25,British,,,http://en.wikipedia.org/wiki/Tim_Parnell
parsons,Johnnie,Parsons,1918-07-04,American,,,http://en.wikipedia.org/wiki/Johnnie_Parsons
patrese,Riccardo,Patrese,1954-04-17,Italian,,,http://en.wikipedia.org/wiki/Riccardo_Patrese
pease,Al,Pease,1921-10-15,Canadian,,,http://en.wikipedia.org/wiki/Al_Pease
penske,Roger,Penske,1937-02-20,American,,,http://en.wikipedia.org/wiki/Roger_Penske
perdisa,Cesare,Perdisa,1932-10-21,Italian,,,http://en.wikipedia.org/wiki/Cesare_Perdisa
perkins,Larry,Perkins,1950-03-18,Australian,,,http://en.wikipedia.org/wiki/Larry_Perkins
pescarolo,Henri,Pescarolo,1942-09-25,French,,,http://en.wikipedia.org/wiki/Henri_Pescarolo
pesenti_rossi,Alessandro,Pesenti-Rossi,1942-08-31,Italian,,,http://en.wikipedia.org/wiki/Alessandro_Pesenti-Rossi
peters,Josef,Peters,1914-09-16,German,,,http://en.wikipedia.org/wiki/Josef_Peters_(driver)
peterson,Ronnie,Peterson,1944-02-14,Swedish,,,http://en.wikipedia.org/wiki/Ronnie_Peterson
petrov,Vitaly,Petrov,1984-09-08,Russian,,PET,http://en.wikipedia.org/wiki/Vitaly_Petrov
piastri,Oscar,Piastri,2001-04-06,Australian,81,PIA,http://en.wikipedia.org/wiki/Oscar_Piastri
pic,Charles,Pic,1990-02-15,French,,PIC,http://en.wikipedia.org/wiki/Charles_Pic
picard,François,Picard,1921-04-26,French,,,http://en.wikipedia.org/wiki/Fran%C3%A7ois_Picard
pieterse,Ernie,Pieterse,1938-07-04,South African,,,http://en.wikipedia.org/wiki/Ernie_Pieterse
pietsch,Paul,Pietsch,1911-06-20,German,,,http://en.wikipedia.org/wiki/Paul_Pietsch
andre_pilette,André,Pilette,1918-10-06,Belgian,,,http://en.wikipedia.org/wiki/Andr%C3%A9_Pilette
pilette,Teddy,Pilette,1942-07-26,Belgian,,,http://en.wikipedia.org/wiki/Teddy_Pilette
piotti,Luigi,Piotti,1913-10-27,Italian,,,http://en.wikipedia.org/wiki/Luigi_Piotti
piper,David,Piper,1930-12-02,British,,,http://en.wikipedia.org/wiki/David_Piper
piquet,Nelson,Piquet,1952-08-17,Brazilian,,,http://en.wikipedia.org/wiki/Nelson_Piquet
piquet_jr,Nelson,Piquet Jr.,1985-07-25,Brazilian,,PIQ,"http://en.wikipedia.org/wiki/Nelson_Piquet,_Jr."
pirocchi,Renato,Pirocchi,1933-03-26,Italian,,,http://en.wikipedia.org/wiki/Renato_Pirocchi
pironi,Didier,Pironi,1952-03-26,French,,,http://en.wikipedia.org/wiki/Didier_Pironi
pirro,Emanuele,Pirro,1962-01-12,Italian,,,http://en.wikipedia.org/wiki/Emanuele_Pirro
pizzonia,Antônio,Pizzonia,1980-09-11,Brazilian,,PIZ,http://en.wikipedia.org/wiki/Ant%C3%B4nio_Pizzonia
pian,Alfredo,Pián,1912-10-21,Argentine,,,http://en.wikipedia.org/wiki/Alfredo_Pi%C3%A0n
pollet,Jacques,Pollet,1922-07-02,French,,,http://en.wikipedia.org/wiki/Jacques_Pollet
pon,Ben,Pon,1936-12-09,Dutch,,,http://en.wikipedia.org/wiki/Ben_Pon
poore,Dennis,Poore,1916-08-19,British,,,http://en.wikipedia.org/wiki/Dennis_Poore
posey,Sam,Posey,1944-05-26,American,,,http://en.wikipedia.org/wiki/Sam_Posey
pozzi,Charles,Pozzi,1909-08-27,French,,,http://en.wikipedia.org/wiki/Charles_Pozzi
pretorius,Jackie,Pretorius,1934-11-22,South African,,,http://en.wikipedia.org/wiki/Jackie_Pretorius
prinoth,Ernesto,Prinoth,1923-04-15,Italian,,,http://en.wikipedia.org/wiki/Ernesto_Prinoth
prophet,David,Prophet,1937-10-09,British,,,http://en.wikipedia.org/wiki/David_Prophet
prost,Alain,Prost,1955-02-24,French,,,http://en.wikipedia.org/wiki/Alain_Prost
pryce,Tom,Pryce,1949-06-11,British,,,http://en.wikipedia.org/wiki/Tom_Pryce
purley,David,Purley,1945-01-26,British,,,http://en.wikipedia.org/wiki/David_Purley
puzey,Clive,Puzey,1941-07-11,Rhodesian,,,http://en.wikipedia.org/wiki/Clive_Puzey
perez,Sergio,Pérez,1990-01-26,Mexican,11,PER,http://en.wikipedia.org/wiki/Sergio_P%C3%A9rez
sala,Luis,Pérez-Sala,1959-05-15,Spanish,,,http://en.wikipedia.org/wiki/Luis_Perez-Sala
quester,Dieter,Quester,1939-05-30,Austrian,,,http://en.wikipedia.org/wiki/Dieter_Quester
raby,Ian,Raby,1921-09-22,British,,,http://en.wikipedia.org/wiki/Ian_Raby
rahal,Bobby,Rahal,1953-01-10,American,,,http://en.wikipedia.org/wiki/Bobby_Rahal
raphanel,Pierre-Henri,Raphanel,1961-05-27,French,,,http://en.wikipedia.org/wiki/Pierre-Henri_Raphanel
rathmann,Jim,Rathmann,1928-07-16,American,,,http://en.wikipedia.org/wiki/Jim_Rathmann
dick_rathmann,Dick,Rathmann,1924-01-06,American,,,http://en.wikipedia.org/wiki/Dick_Rathmann
ratzenberger,Roland,Ratzenberger,1960-07-04,Austrian,,,http://en.wikipedia.org/wiki/Roland_Ratzenberger
rebaque,Hector,Rebaque,1956-02-05,Mexican,,,http://en.wikipedia.org/wiki/Hector_Rebaque
redman,Brian,Redman,1937-03-09,British,,,http://en.wikipedia.org/wiki/Brian_Redman
reece,Jimmy,Reece,1929-11-17,American,,,http://en.wikipedia.org/wiki/Jimmy_Reece
reed,Ray,Reed,1932-04-30,South African,,,http://en.wikipedia.org/wiki/Ray_Reed
rees,Alan,Rees,1938-01-12,British,,,http://en.wikipedia.org/wiki/Alan_Rees_(racing_driver)
regazzoni,Clay,Regazzoni,1939-09-05,Swiss,,,http://en.wikipedia.org/wiki/Clay_Regazzoni
reutemann,Carlos,Reutemann,1942-04-12,Argentine,,,http://en.wikipedia.org/wiki/Carlos_Reutemann
reventlow,Lance,Reventlow,1936-02-24,American,,,http://en.wikipedia.org/wiki/Lance_Reventlow
revson,Peter,Revson,1939-02-27,American,,,http://en.wikipedia.org/wiki/Peter_Revson
rhodes,John,Rhodes,1927-08-18,British,,,http://en.wikipedia.org/wiki/John_Rhodes_(driver)
ribeiro,Alex,Ribeiro,1948-11-07,Brazilian,,,http://en.wikipedia.org/wiki/Alex_Ribeiro
ricciardo,Daniel,Ricciardo,1989-07-01,Australian,3,RIC,http://en.wikipedia.org/wiki/Daniel_Ricciardo
richardson,Ken,Richardson,1911-08-21,British,,,http://en.wikipedia.org/wiki/Ken_Richardson_(race_car_driver)
riess,Fritz,Riess,1922-07-11,German,,,http://en.wikipedia.org/wiki/Fritz_Riess
rigsby,Jim,Rigsby,1923-06-06,American,,,http://en.wikipedia.org/wiki/Jim_Rigsby
rindt,Jochen,Rindt,1942-04-18,Austrian,,,http://en.wikipedia.org/wiki/Jochen_Rindt
riseley_prichard,John,Riseley-Prichard,1924-01-17,British,,,http://en.wikipedia.org/wiki/John_Riseley-Prichard
robarts,Richard,Robarts,1944-09-22,British,,,http://en.wikipedia.org/wiki/Richard_Robarts
ricardo_rodriguez,Ricardo,Rodríguez,1942-02-14,Mexican,,,http://en.wikipedia.org/wiki/Ricardo_Rodr%C3%ADguez_(Formula_One)
rodriguez,Pedro,Rodríguez,1940-01-18,Mexican,,,http://en.wikipedia.org/wiki/Pedro_Rodr%C3%ADguez_(racing_driver)
rol,Franco,Rol,1908-06-05,Italian,,,http://en.wikipedia.org/wiki/Franco_Rol
rollinson,Alan,Rollinson,1943-05-15,British,,,http://en.wikipedia.org/wiki/Alan_Rollinson
rolt,Tony,Rolt,1918-10-16,British,,,http://en.wikipedia.org/wiki/Tony_Rolt
roos,Bertil,Roos,1943-10-12,Swedish,,,http://en.wikipedia.org/wiki/Bertil_Roos
keke_rosberg,Keke,Rosberg,1948-12-06,Finnish,,,http://en.wikipedia.org/wiki/Keke_Rosberg
rosberg,Nico,Rosberg,1985-06-27,German,6,ROS,http://en.wikipedia.org/wiki/Nico_Rosberg
rose,Mauri,Rose,1906-05-26,American,,,http://en.wikipedia.org/wiki/Mauri_Rose
rosier,Louis,Rosier,1905-11-05,French,,,http://en.wikipedia.org/wiki/Louis_Rosier
rosset,Ricardo,Rosset,1968-07-27,Brazilian,,,http://en.wikipedia.org/wiki/Ricardo_Rosset
rossi,Alexander,Rossi,1991-09-25,American,53,RSS,http://en.wikipedia.org/wiki/Alexander_Rossi_%28racing_driver%29
rothengatter,Huub,Rothengatter,1954-10-08,Dutch,,,http://en.wikipedia.org/wiki/Huub_Rothengatter
ruby,Lloyd,Ruby,1928-01-12,American,,,http://en.wikipedia.org/wiki/Lloyd_Ruby
russell,George,Russell,1998-02-15,British,63,RUS,http://en.wikipedia.org/wiki/George_Russell_(racing_driver)
paul_russo,Paul,Russo,1914-04-10,American,,,http://en.wikipedia.org/wiki/Paul_Russo
russo,Eddie,Russo,1925-11-19,American,,,http://en.wikipedia.org/wiki/Eddie_Russo
geki,Giacomo,Russo,1937-10-23,Italian,,,http://en.wikipedia.org/wiki/Geki_(driver)
ruttman,Troy,Ruttman,1930-03-11,American,,,http://en.wikipedia.org/wiki/Troy_Ruttman
ryan,Peter,Ryan,1940-06-10,Canadian,,,http://en.wikipedia.org/wiki/Peter_Ryan_(driver)
raikkonen,Kimi,Räikkönen,1979-10-17,Finnish,7,RAI,http://en.wikipedia.org/wiki/Kimi_R%C3%A4ikk%C3%B6nen
sachs,Eddie,Sachs,1927-05-28,American,,,http://en.wikipedia.org/wiki/Eddie_Sachs
said,Bob,Said,1932-05-05,American,,,http://en.wikipedia.org/wiki/Bob_Said
sainz,Carlos,Sainz,1994-09-01,Spanish,55,SAI,http://en.wikipedia.org/wiki/Carlos_Sainz_Jr.
salazar,Eliseo,Salazar,1954-11-14,Chilean,,,http://en.wikipedia.org/wiki/Eliseo_Salazar
salo,Mika,Salo,1966-11-30,Finnish,,,http://en.wikipedia.org/wiki/Mika_Salo
salvadori,Roy,Salvadori,1922-05-12,British,,,http://en.wikipedia.org/wiki/Roy_Salvadori
sanesi,Consalvo,Sanesi,1911-03-28,Italian,,,http://en.wikipedia.org/wiki/Consalvo_Sanesi
sargeant,Logan,Sargeant,2000-12-31,American,2,SAR,http://en.wikipedia.org/wiki/Logan_Sargeant
sarrazin,Stéphane,Sarrazin,1975-11-02,French,,,http://en.wikipedia.org/wiki/St%C3%A9phane_Sarrazin
sato,Takuma,Sato,1977-01-28,Japanese,,SAT,http://en.wikipedia.org/wiki/Takuma_Sato
scarborough,Carl,Scarborough,1914-07-03,American,,,http://en.wikipedia.org/wiki/Carl_Scarborough
scarfiotti,Ludovico,Scarfiotti,1933-10-18,Italian,,,http://en.wikipedia.org/wiki/Ludovico_Scarfiotti
scarlatti,Giorgio,Scarlatti,1921-10-02,Italian,,,http://en.wikipedia.org/wiki/Giorgio_Scarlatti
scheckter,Jody,Scheckter,1950-01-29,South African,,,http://en.wikipedia.org/wiki/Jody_Scheckter
ian_scheckter,Ian,Scheckter,1947-08-22,South African,,,http://en.wikipedia.org/wiki/Ian_Scheckter
schell,Harry,Schell,1921-06-29,American,,,http://en.wikipedia.org/wiki/Harry_Schell
schenken,Tim,Schenken,1943-09-26,Australian,,,http://en.wikipedia.org/wiki/Tim_Schenken
scherrer,Albert,Scherrer,1908-02-28,Swiss,,,http://en.wikipedia.org/wiki/Albert_Scherrer
schiattarella,Domenico,Schiattarella,1967-11-17,Italian,,,http://en.wikipedia.org/wiki/Domenico_Schiattarella
schiller,Heinz,Schiller,1930-01-25,Swiss,,,http://en.wikipedia.org/wiki/Heinz_Schiller
schindler,Bill,Schindler,1909-03-06,American,,,http://en.wikipedia.org/wiki/Bill_Schindler
jo_schlesser,Jo,Schlesser,1928-05-18,French,,,http://en.wikipedia.org/wiki/Jo_Schlesser
schlesser,Jean-Louis,Schlesser,1948-09-12,French,,,http://en.wikipedia.org/wiki/Jean-Louis_Schlesser
schneider,Bernd,Schneider,1964-07-20,German,,,http://en.wikipedia.org/wiki/Bernd_Schneider_(racecar_driver)
schoeller,Rudolf,Schoeller,1902-04-27,Swiss,,,http://en.wikipedia.org/wiki/Rudolf_Schoeller
schroeder,Rob,Schroeder,1926-05-11,British,,,http://en.wikipedia.org/wiki/Rob_Schroeder
michael_schumacher,Michael,Schumacher,1969-01-03,German,,MSC,http://en.wikipedia.org/wiki/Michael_Schumacher
ralf_schumacher,Ralf,Schumacher,1975-06-30,German,,SCH,http://en.wikipedia.org/wiki/Ralf_Schumacher
mick_schumacher,Mick,Schumacher,1999-03-22,German,47,MSC,http://en.wikipedia.org/wiki/Mick_Schumacher
schuppan,Vern,Schuppan,1943-03-19,Australian,,,http://en.wikipedia.org/wiki/Vern_Schuppan
bob_scott,Bob,Scott,1928-10-04,American,,,http://en.wikipedia.org/wiki/Bob_Scott_(auto_racer)
scott_Brown,Archie,Scott Brown,1927-05-13,British,,,http://en.wikipedia.org/wiki/Archie_Scott_Brown
scotti,Piero,Scotti,1909-11-11,Italian,,,http://en.wikipedia.org/wiki/Piero_Scotti
seidel,Wolfgang,Seidel,1926-07-04,German,,,http://en.wikipedia.org/wiki/Wolfgang_Seidel
seiffert,Günther,Seiffert,1937-10-18,German,,,http://en.wikipedia.org/wiki/G%C3%BCnther_Seiffert
senna,Ayrton,Senna,1960-03-21,Brazilian,,,http://en.wikipedia.org/wiki/Ayrton_Senna
bruno_senna,Bruno,Senna,1983-10-15,Brazilian,,SEN,http://en.wikipedia.org/wiki/Bruno_Senna
serafini,Dorino,Serafini,1909-07-22,Italian,,,http://en.wikipedia.org/wiki/Dorino_Serafini
serra,Chico,Serra,1957-02-03,Brazilian,,,http://en.wikipedia.org/wiki/Chico_Serra
serrurier,Doug,Serrurier,1920-12-09,South African,,,http://en.wikipedia.org/wiki/Doug_Serrurier
gavin,Johnny,Servoz-Gavin,1942-01-18,French,,,http://en.wikipedia.org/wiki/Johnny_Servoz-Gavin
settember,Tony,Settember,1926-07-10,American,,,http://en.wikipedia.org/wiki/Tony_Settember
sharp,Hap,Sharp,1928-01-01,American,,,http://en.wikipedia.org/wiki/Hap_Sharp
shawe_taylor,Brian,Shawe Taylor,1915-01-28,British,,,http://en.wikipedia.org/wiki/Brian_Shawe_Taylor
shelby,Carroll,Shelby,1923-01-11,American,,,http://en.wikipedia.org/wiki/Carroll_Shelby
shelly,Tony,Shelly,1937-02-02,New Zealander,,,http://en.wikipedia.org/wiki/Tony_Shelly
cian_shields,Cian,Shields,,,,,
siffert,Jo,Siffert,1936-07-07,Swiss,,,http://en.wikipedia.org/wiki/Jo_Siffert
simon,André,Simon,1920-01-05,French,,,http://en.wikipedia.org/wiki/Andr%C3%A9_Simon_(racing_driver)
sirotkin,Sergey,Sirotkin,1995-08-27,Russian,35,SIR,http://en.wikipedia.org/wiki/Sergey_Sirotkin_(racing_driver)
slotemaker,Rob,Slotemaker,1929-06-13,Dutch,,,http://en.wikipedia.org/wiki/Rob_Slotemaker
solana,Moisés,Solana,1935-12-26,Mexican,,,http://en.wikipedia.org/wiki/Mois%C3%A9s_Solana
roig,Alex,Soler-Roig,1932-10-29,Spanish,,,http://en.wikipedia.org/wiki/Alex_Soler-Roig
sommer,Raymond,Sommer,1906-08-31,French,,,http://en.wikipedia.org/wiki/Raymond_Sommer
sospiri,Vincenzo,Sospiri,1966-10-07,Italian,,,http://en.wikipedia.org/wiki/Vincenzo_Sospiri
south,Stephen,South,1952-02-19,British,,,http://en.wikipedia.org/wiki/Stephen_South
sparken,Mike,Sparken,1930-06-16,French,,,http://en.wikipedia.org/wiki/Mike_Sparken
speed,Scott,Speed,1983-01-24,American,,SPE,http://en.wikipedia.org/wiki/Scott_Speed
spence,Mike,Spence,1936-12-30,British,,,http://en.wikipedia.org/wiki/Mike_Spence
stacey,Alan,Stacey,1933-08-29,British,,,http://en.wikipedia.org/wiki/Alan_Stacey
starrabba,Gaetano,Starrabba,1932-12-03,Italian,,,http://en.wikipedia.org/wiki/Gaetano_Starrabba
stevens,Will,Stevens,1991-06-28,British,28,STE,http://en.wikipedia.org/wiki/Will_Stevens
stevenson,Chuck,Stevenson,1919-10-15,American,,,http://en.wikipedia.org/wiki/Chuck_Stevenson
jimmy_stewart,Jimmy,Stewart,1931-03-06,British,,,http://en.wikipedia.org/wiki/Jimmy_Stewart_(racing_driver)
ian_stewart,Ian,Stewart,1929-07-15,British,,,http://en.wikipedia.org/wiki/Ian_Stewart_(racing_driver)
stewart,Jackie,Stewart,1939-06-11,British,,,http://en.wikipedia.org/wiki/Jackie_Stewart
stohr,Siegfried,Stohr,1952-10-10,Italian,,,http://en.wikipedia.org/wiki/Siegfried_Stohr
stommelen,Rolf,Stommelen,1943-07-11,German,,,http://en.wikipedia.org/wiki/Rolf_Stommelen
streiff,Philippe,Streiff,1955-06-26,French,,,http://en.wikipedia.org/wiki/Philippe_Streiff
stroll,Lance,Stroll,1998-10-29,Canadian,18,STR,http://en.wikipedia.org/wiki/Lance_Stroll
stuck,Hans-Joachim,Stuck,1951-01-01,German,,,http://en.wikipedia.org/wiki/Hans_Joachim_Stuck
stuppacher,Otto,Stuppacher,1947-03-03,Austrian,,,http://en.wikipedia.org/wiki/Otto_Stuppacher
sullivan,Danny,Sullivan,1950-03-09,American,,,http://en.wikipedia.org/wiki/Danny_Sullivan
surer,Marc,Surer,1951-09-18,Swiss,,,http://en.wikipedia.org/wiki/Marc_Surer
surtees,John,Surtees,1934-02-11,British,,,http://en.wikipedia.org/wiki/John_Surtees
sutcliffe,Andy,Sutcliffe,1947-05-09,British,,,http://en.wikipedia.org/wiki/Andy_Sutcliffe
sutil,Adrian,Sutil,1983-01-11,German,99,SUT,http://en.wikipedia.org/wiki/Adrian_Sutil
sutton,Len,Sutton,1925-08-09,American,,,http://en.wikipedia.org/wiki/Len_Sutton
suzuki,Aguri,Suzuki,1960-09-08,Japanese,,,http://en.wikipedia.org/wiki/Aguri_Suzuki
toshio_suzuki,Toshio,Suzuki,1955-03-10,Japanese,,,http://en.wikipedia.org/wiki/Toshio_Suzuki_(driver)
swaters,Jacques,Swaters,1926-10-30,American,,,http://en.wikipedia.org/wiki/Jacques_Swaters
sweikert,Bob,Sweikert,1926-05-20,American,,,http://en.wikipedia.org/wiki/Bob_Sweikert
takagi,Toranosuke,Takagi,1974-02-12,Japanese,,,http://en.wikipedia.org/wiki/Toranosuke_Takagi
takahara,Noritake,Takahara,1951-06-06,Japanese,,,http://en.wikipedia.org/wiki/Noritake_Takahara
takahashi,Kunimitsu,Takahashi,1940-01-29,Japanese,,,http://en.wikipedia.org/wiki/Kunimitsu_Takahashi
tambay,Patrick,Tambay,1949-06-25,French,,,http://en.wikipedia.org/wiki/Patrick_Tambay
taramazzo,Luigi,Taramazzo,1932-05-05,Italian,,,http://en.wikipedia.org/wiki/Luigi_Taramazzo
tarquini,Gabriele,Tarquini,1962-03-02,Italian,,,http://en.wikipedia.org/wiki/Gabriele_Tarquini
taruffi,Piero,Taruffi,1906-10-12,Italian,,,http://en.wikipedia.org/wiki/Piero_Taruffi
henry_taylor,Henry,Taylor,1932-12-16,British,,,http://en.wikipedia.org/wiki/Henry_Taylor_(racing_driver)
mike_taylor,Mike,Taylor,1934-04-24,British,,,http://en.wikipedia.org/wiki/Mike_Taylor_(driver)
dennis_taylor,Dennis,Taylor,1921-06-12,British,,,http://en.wikipedia.org/wiki/Dennis_Taylor_(racing_driver)
trevor_taylor,Trevor,Taylor,1936-12-26,British,,,http://en.wikipedia.org/wiki/Trevor_Taylor
taylor,John,Taylor,1933-03-23,British,,,http://en.wikipedia.org/wiki/John_Taylor_(racer)
teague,Marshall,Teague,1921-02-22,American,,,http://en.wikipedia.org/wiki/Marshall_Teague_(racing_driver)
templeman,Shorty,Templeman,1919-08-12,American,,,http://en.wikipedia.org/wiki/Shorty_Templeman
testut,André,Testut,1926-04-13,Monegasque,,,http://en.wikipedia.org/wiki/Andr%C3%A9_Testut
thackwell,Mike,Thackwell,1961-03-30,New Zealander,,,http://en.wikipedia.org/wiki/Mike_Thackwell
thiele,Alfonso,Thiele,1920-04-05,Italian,,,http://en.wikipedia.org/wiki/Alfonso_Thiele
thompson,Eric,Thompson,1919-11-04,British,,,http://en.wikipedia.org/wiki/Eric_Thompson_(racing_driver)
thomson,Johnny,Thomson,1922-04-09,American,,,http://en.wikipedia.org/wiki/Johnny_Thomson
thorne,Leslie,Thorne,1916-06-23,British,,,http://en.wikipedia.org/wiki/Leslie_Thorne
tingelstad,Bud,Tingelstad,1928-04-04,American,,,http://en.wikipedia.org/wiki/Bud_Tingelstad
tingle,Sam,Tingle,1921-08-24,Rhodesian,,,http://en.wikipedia.org/wiki/Sam_Tingle
titterington,Desmond,Titterington,1928-05-01,British,,,http://en.wikipedia.org/wiki/Desmond_Titterington
tolan,Johnnie,Tolan,1917-10-22,American,,,http://en.wikipedia.org/wiki/Johnnie_Tolan
trimmer,Tony,Trimmer,1943-01-24,British,,,http://en.wikipedia.org/wiki/Tony_Trimmer
trintignant,Maurice,Trintignant,1917-10-30,French,,,http://en.wikipedia.org/wiki/Maurice_Trintignant
trulli,Jarno,Trulli,1974-07-13,Italian,,TRU,http://en.wikipedia.org/wiki/Jarno_Trulli
tsunoda,Yuki,Tsunoda,2000-05-11,Japanese,22,TSU,http://en.wikipedia.org/wiki/Yuki_Tsunoda
tuero,Esteban,Tuero,1978-04-22,Argentine,,,http://en.wikipedia.org/wiki/Esteban_Tuero
tunmer,Guy,Tunmer,1948-12-01,South African,,,http://en.wikipedia.org/wiki/Guy_Tunmer
turner,Jack,Turner,1920-02-12,American,,,http://en.wikipedia.org/wiki/Jack_Turner_(driver)
ulmen,Toni,Ulmen,1906-01-25,German,,,http://en.wikipedia.org/wiki/Toni_Ulmen
jerry_unser,Jerry,Unser,1932-11-15,American,,,http://en.wikipedia.org/wiki/Jerry_Unser
unser,Bobby,Unser,1934-02-20,American,,,http://en.wikipedia.org/wiki/Bobby_Unser
uria,Alberto,Uria,1924-07-11,Uruguayan,,,http://en.wikipedia.org/wiki/Alberto_Uria
vaccarella,Nino,Vaccarella,1933-03-04,Italian,,,http://en.wikipedia.org/wiki/Nino_Vaccarella
vandoorne,Stoffel,Vandoorne,1992-03-26,Belgian,2,VAN,http://en.wikipedia.org/wiki/Stoffel_Vandoorne
veith,Bob,Veith,1926-11-01,American,,,http://en.wikipedia.org/wiki/Bob_Veith
vergne,Jean-Éric,Vergne,1990-04-25,French,25,VER,http://en.wikipedia.org/wiki/Jean-%C3%89ric_Vergne
verstappen,Jos,Verstappen,1972-03-04,Dutch,,,http://en.wikipedia.org/wiki/Jos_Verstappen
max_verstappen,Max,Verstappen,1997-09-30,Dutch,3,VER,http://en.wikipedia.org/wiki/Max_Verstappen
frederik_vesti,Frederik,Vesti,,,,,
vettel,Sebastian,Vettel,1987-07-03,German,5,VET,http://en.wikipedia.org/wiki/Sebastian_Vettel
gilles_villeneuve,Gilles,Villeneuve,1950-01-18,Canadian,,,http://en.wikipedia.org/wiki/Gilles_Villeneuve
villeneuve,Jacques,Villeneuve,1971-04-09,Canadian,,VIL,http://en.wikipedia.org/wiki/Jacques_Villeneuve
villeneuve_sr,Jacques,Villeneuve Sr.,1953-11-04,Canadian,,,http://en.wikipedia.org/wiki/Jacques_Villeneuve_(elder)
villoresi,Luigi,Villoresi,1909-05-16,Italian,,,http://en.wikipedia.org/wiki/Luigi_Villoresi
volonterio,Ottorino,Volonterio,1917-12-07,Swiss,,,http://en.wikipedia.org/wiki/Ottorino_Volonterio
vonlanthen,Jo,Vonlanthen,1942-05-31,Swiss,,,http://en.wikipedia.org/wiki/Jo_Vonlanthen
vukovich,Bill,Vukovich,1918-12-13,American,,,http://en.wikipedia.org/wiki/Bill_Vukovich
wacker,Fred,Wacker,1918-07-10,American,,,http://en.wikipedia.org/wiki/Fred_Wacker
peter_walker,Peter,Walker,1912-10-07,British,,,http://en.wikipedia.org/wiki/Peter_Walker_(driver)
walker,David,Walker,1941-06-10,Australian,,,http://en.wikipedia.org/wiki/David_Walker_(racing_driver)
wallard,Lee,Wallard,1910-09-07,American,,,http://en.wikipedia.org/wiki/Lee_Wallard
walter,Heini,Walter,1927-07-28,Swiss,,,http://en.wikipedia.org/wiki/Heini_Walter
ward,Rodger,Ward,1921-01-10,American,,,http://en.wikipedia.org/wiki/Rodger_Ward
warwick,Derek,Warwick,1954-08-27,British,,,http://en.wikipedia.org/wiki/Derek_Warwick
watson,John,Watson,1946-05-04,British,,,http://en.wikipedia.org/wiki/John_Watson_(racing_driver)
webb,Travis,Webb,1910-10-08,American,,,http://en.wikipedia.org/wiki/Travis_Webb
webber,Mark,Webber,1976-08-27,Australian,,WEB,http://en.wikipedia.org/wiki/Mark_Webber_(racing_driver)
wehrlein,Pascal,Wehrlein,1994-10-18,German,94,WEH,http://en.wikipedia.org/wiki/Pascal_Wehrlein
weidler,Volker,Weidler,1962-03-18,German,,,http://en.wikipedia.org/wiki/Volker_Weidler
weiler,Wayne,Weiler,1934-12-09,American,,,http://en.wikipedia.org/wiki/Wayne_Weiler
wendlinger,Karl,Wendlinger,1968-12-20,Austrian,,,http://en.wikipedia.org/wiki/Karl_Wendlinger
westbury,Peter,Westbury,1938-05-26,British,,,http://en.wikipedia.org/wiki/Peter_Westbury
weyant,Chuck,Weyant,1923-04-03,American,,,http://en.wikipedia.org/wiki/Chuck_Weyant
wharton,Ken,Wharton,1916-03-21,British,,,http://en.wikipedia.org/wiki/Ken_Wharton
whiteaway,Ted,Whiteaway,1928-11-01,British,,,http://en.wikipedia.org/wiki/Ted_Whiteaway
whitehead,Peter,Whitehead,1914-11-12,British,,,http://en.wikipedia.org/wiki/Peter_Whitehead_(racing_driver)
graham_whitehead,Graham,Whitehead,1922-04-15,British,,,http://en.wikipedia.org/wiki/Graham_Whitehead
whitehouse,Bill,Whitehouse,1909-04-01,British,,,http://en.wikipedia.org/wiki/Bill_Whitehouse
widdows,Robin,Widdows,1942-05-27,British,,,http://en.wikipedia.org/wiki/Robin_Widdows
wietzes,Eppie,Wietzes,1938-05-28,Canadian,,,http://en.wikipedia.org/wiki/Eppie_Wietzes
wilds,Mike,Wilds,1946-01-07,British,,,http://en.wikipedia.org/wiki/Mike_Wilds
williams,Jonathan,Williams,1942-10-26,British,,,http://en.wikipedia.org/wiki/Jonathan_Williams_(racing_driver)
williamson,Roger,Williamson,1948-02-02,British,,,http://en.wikipedia.org/wiki/Roger_Williamson
dempsey_wilson,Dempsey,Wilson,1927-03-11,American,,,http://en.wikipedia.org/wiki/Dempsey_Wilson
vic_wilson,Vic,Wilson,1931-04-14,British,,,http://en.wikipedia.org/wiki/Vic_Wilson_(motor_racing_driver)
desire_wilson,Desiré,Wilson,1953-11-26,South African,,,http://en.wikipedia.org/wiki/Desir%C3%A9_Wilson
wilson,Justin,Wilson,1978-07-31,British,,,http://en.wikipedia.org/wiki/Justin_Wilson_(racing_driver)
manfred_winkelhock,Manfred,Winkelhock,1951-10-06,German,,,http://en.wikipedia.org/wiki/Manfred_Winkelhock
joachim_winkelhock,Joachim,Winkelhock,1960-10-24,German,,,http://en.wikipedia.org/wiki/Joachim_Winkelhock
markus_winkelhock,Markus,Winkelhock,1980-06-13,German,,WIN,http://en.wikipedia.org/wiki/Markus_Winkelhock
wisell,Reine,Wisell,1941-09-30,Swedish,,,http://en.wikipedia.org/wiki/Reine_Wisell
wunderink,Roelof,Wunderink,1948-12-12,Dutch,,,http://en.wikipedia.org/wiki/Roelof_Wunderink
wurz,Alexander,Wurz,1974-02-15,Austrian,,WUR,http://en.wikipedia.org/wiki/Alexander_Wurz
yamamoto,Sakon,Yamamoto,1982-07-09,Japanese,,YAM,http://en.wikipedia.org/wiki/Sakon_Yamamoto
yoong,Alex,Yoong,1976-07-20,Malaysian,,,http://en.wikipedia.org/wiki/Alex_Yoong
zanardi,Alessandro,Zanardi,1966-10-23,Italian,,,http://en.wikipedia.org/wiki/Alex_Zanardi
zapico,Emilio,Zapico,1944-05-27,Spanish,,,http://en.wikipedia.org/wiki/Emilio_Zapico
zhou,Guanyu,Zhou,1999-05-30,Chinese,24,ZHO,http://en.wikipedia.org/wiki/Zhou_Guanyu
zonta,Ricardo,Zonta,1976-03-23,Brazilian,,ZON,http://en.wikipedia.org/wiki/Ricardo_Zonta
zorzi,Renzo,Zorzi,1946-12-12,Italian,,,http://en.wikipedia.org/wiki/Renzo_Zorzi
zunino,Ricardo,Zunino,1949-04-13,Argentine,,,http://en.wikipedia.org/wiki/Ricardo_Zunino
ambrosio,Jérôme,d'Ambrosio,1985-12-27,Belgian,,DAM,http://en.wikipedia.org/wiki/J%C3%A9r%C3%B4me_d%27Ambrosio
orey,Fritz,d'Orey,1938-03-25,Brazilian,,,http://en.wikipedia.org/wiki/Fritz_d%27Orey
matta,Cristiano,da Matta,1973-09-19,Brazilian,,,http://en.wikipedia.org/wiki/Cristiano_da_Matta
ramos,Hernando,da Silva Ramos,1925-12-07,Brazilian,,,http://en.wikipedia.org/wiki/Hernando_da_Silva_Ramos
adamich,Andrea,de Adamich,1941-10-03,Italian,,,http://en.wikipedia.org/wiki/Andrea_de_Adamich
angelis,Elio,de Angelis,1958-03-26,Italian,,,http://en.wikipedia.org/wiki/Elio_de_Angelis
beaufort,Carel Godin,de Beaufort,1934-04-10,Dutch,,,http://en.wikipedia.org/wiki/Carel_Godin_de_Beaufort
cesaris,Andrea,de Cesaris,1959-05-31,Italian,,,http://en.wikipedia.org/wiki/Andrea_de_Cesaris
Changy,Alain,de Changy,1922-02-05,Belgian,,,http://en.wikipedia.org/wiki/Alain_de_Changy
dryver,Bernard,de Dryver,1952-09-19,Belgian,,,http://en.wikipedia.org/wiki/Bernard_de_Dryver
filippis,Maria,de Filippis,1926-11-11,Italian,,,http://en.wikipedia.org/wiki/Maria_Teresa_de_Filippis
graffenried,Toulo,de Graffenried,1914-05-18,Swiss,,,http://en.wikipedia.org/wiki/Toulo_de_Graffenried
klerk,Peter,de Klerk,1935-03-16,South African,,,http://en.wikipedia.org/wiki/Peter_de_Klerk
portago,Alfonso,de Portago,1928-10-11,Spanish,,,http://en.wikipedia.org/wiki/Alfonso_de_Portago
riu,Giovanni,de Riu,1925-03-10,Italian,,,http://en.wikipedia.org/wiki/Giovanni_de_Riu
terra,Max,de Terra,1918-10-06,Swiss,,,http://en.wikipedia.org/wiki/Max_de_Terra
tomaso,Alessandro,de Tomaso,1928-07-10,Argentine,,,http://en.wikipedia.org/wiki/Alessandro_de_Tomaso
tornaco,Charles,de Tornaco,1927-06-07,Belgian,,,http://en.wikipedia.org/wiki/Charles_de_Tornaco
villota,Emilio,de Villota,1946-07-26,Spanish,,,http://en.wikipedia.org/wiki/Emilio_de_Villota
vos,Ernie,de Vos,1941-07-01,Dutch,,,http://en.wikipedia.org/wiki/Ernie_de_Vos
de_vries,Nyck,de Vries,1995-02-06,Dutch,21,DEV,http://en.wikipedia.org/wiki/Nyck_de_Vries
rosa,Pedro,de la Rosa,1971-02-24,Spanish,,DLR,http://en.wikipedia.org/wiki/Pedro_de_la_Rosa
grassi,Lucas,di Grassi,1984-08-11,Brazilian,,DIG,http://en.wikipedia.org/wiki/Lucas_di_Grassi
resta,Paul,di Resta,1986-04-16,British,40,DIR,http://en.wikipedia.org/wiki/Paul_di_Resta
lennep,Gijs,van Lennep,1942-03-16,Dutch,,,http://en.wikipedia.org/wiki/Gijs_Van_Lennep
rooyen,Basil,van Rooyen,1939-04-19,South African,,,http://en.wikipedia.org/wiki/Basil_van_Rooyen
poele,Eric,van de Poele,1961-09-30,Belgian,,,http://en.wikipedia.org/wiki/Eric_van_de_Poele
garde,Giedo,van der Garde,1985-04-25,Dutch,,VDG,http://en.wikipedia.org/wiki/Giedo_van_der_Garde
lof,Dries,van der Lof,1919-08-23,Dutch,,,http://en.wikipedia.org/wiki/Dries_van_der_Lof
vyver,Syd,van der Vyver,1920-06-01,South African,,,http://en.wikipedia.org/wiki/Syd_van_der_Vyver
opel,Rikky,von Opel,1947-10-14,Liechtensteiner,,,http://en.wikipedia.org/wiki/Rikky_von_Opel
hans_stuck,Hans,von Stuck,1900-12-27,German,,,http://en.wikipedia.org/wiki/Hans_Von_Stuck
trips,Wolfgang,von Trips,1928-05-04,German,,,http://en.wikipedia.org/wiki/Wolfgang_Graf_Berghe_von_Trips
etancelin,Philippe,Étancelin,1896-12-28,French,,,http://en.wikipedia.org/wiki/Philippe_%C3%89tancelin
